sample_name	library_ID	title	library_strategy	library_source	library_selection	library_layout	platform	instrument_model	design_description	filetype	filename	filename2
petiveranaKK722	petiveranaKK722	Paired-end whole-genome sequencing of Heliconius erato specimen petiveranaKK722	WGS	GENOMIC	RANDOM	PAIRED	ILLUMINA	Illumina HiSeq 4000	Paired-end whole-genome resequencing; reads are submitted without filename-indicated trimming.	fastq	K198_USPD16082430-6_H3KCCCCXY_L8_1.fq.gz	K198_USPD16082430-6_H3KCCCCXY_L8_2.fq.gz
petiveranaSTRI2936	petiveranaSTRI2936	Paired-end whole-genome sequencing of Heliconius erato specimen petiveranaSTRI2936	WGS	GENOMIC	RANDOM	PAIRED	ILLUMINA	Illumina HiSeq 4000	Paired-end whole-genome resequencing; reads were adapter- and quality-trimmed before submission.	fastq	petiveranaSTRI2936_trim_1.fq.gz	petiveranaSTRI2936_trim_2.fq.gz
petiveranaSTRI2942	petiveranaSTRI2942	Paired-end whole-genome sequencing of Heliconius erato specimen petiveranaSTRI2942	WGS	GENOMIC	RANDOM	PAIRED	ILLUMINA	Illumina HiSeq 4000	Paired-end whole-genome resequencing; reads were adapter- and quality-trimmed before submission.	fastq	petiveranaSTRI2942_trim_1.fq.gz	petiveranaSTRI2942_trim_2.fq.gz
petiveranaSTRI2944	petiveranaSTRI2944	Paired-end whole-genome sequencing of Heliconius erato specimen petiveranaSTRI2944	WGS	GENOMIC	RANDOM	PAIRED	ILLUMINA	Illumina HiSeq 4000	Paired-end whole-genome resequencing; reads were adapter- and quality-trimmed before submission.	fastq	petiveranaSTRI2944_trim_1.fq.gz	petiveranaSTRI2944_trim_2.fq.gz
petiveranaSTRI2945	petiveranaSTRI2945	Paired-end whole-genome sequencing of Heliconius erato specimen petiveranaSTRI2945	WGS	GENOMIC	RANDOM	PAIRED	ILLUMINA	Illumina HiSeq 4000	Paired-end whole-genome resequencing; reads were adapter- and quality-trimmed before submission.	fastq	petiveranaSTRI2945_trim_1.fq.gz	petiveranaSTRI2945_trim_2.fq.gz
petiveranaSTRI2943	petiveranaSTRI2943	Paired-end whole-genome sequencing of Heliconius erato specimen petiveranaSTRI2943	WGS	GENOMIC	RANDOM	PAIRED	ILLUMINA	Illumina HiSeq 4000	Paired-end whole-genome resequencing; reads were adapter- and quality-trimmed before submission.	fastq	petiveranaSTRI2943_trim_1.fq.gz	petiveranaSTRI2943_trim_2.fq.gz
himeraTT7	himeraTT7	Paired-end whole-genome sequencing of Heliconius himera specimen himeraTT7	WGS	GENOMIC	RANDOM	PAIRED	ILLUMINA	Illumina HiSeq 4000	Paired-end whole-genome resequencing; reads were adapter- and quality-trimmed before submission.	fastq	himeraTT7_trim_1.fq.gz	himeraTT7_trim_2.fq.gz
himeraTT3	himeraTT3	Paired-end whole-genome sequencing of Heliconius himera specimen himeraTT3	WGS	GENOMIC	RANDOM	PAIRED	ILLUMINA	Illumina HiSeq 4000	Paired-end whole-genome resequencing; reads were adapter- and quality-trimmed before submission.	fastq	himeraTT3_trim_1.fq.gz	himeraTT3_trim_2.fq.gz
himeraTT5	himeraTT5	Paired-end whole-genome sequencing of Heliconius himera specimen himeraTT5	WGS	GENOMIC	RANDOM	PAIRED	ILLUMINA	Illumina HiSeq 4000	Paired-end whole-genome resequencing; reads were adapter- and quality-trimmed before submission.	fastq	himeraTT5_trim_1.fq.gz	himeraTT5_trim_2.fq.gz
himeraTT8	himeraTT8	Paired-end whole-genome sequencing of Heliconius himera specimen himeraTT8	WGS	GENOMIC	RANDOM	PAIRED	ILLUMINA	Illumina HiSeq 4000	Paired-end whole-genome resequencing; reads were adapter- and quality-trimmed before submission.	fastq	himeraTT8_trim_1.fq.gz	himeraTT8_trim_2.fq.gz
himeraTT4	himeraTT4	Paired-end whole-genome sequencing of Heliconius himera specimen himeraTT4	WGS	GENOMIC	RANDOM	PAIRED	ILLUMINA	Illumina HiSeq 4000	Paired-end whole-genome resequencing; reads were adapter- and quality-trimmed before submission.	fastq	himeraTT4_trim_1.fq.gz	himeraTT4_trim_2.fq.gz
himeraSTRI2022	himeraSTRI2022	Paired-end whole-genome sequencing of Heliconius himera specimen himeraSTRI2022	WGS	GENOMIC	RANDOM	PAIRED	ILLUMINA	Illumina HiSeq 4000	Paired-end whole-genome resequencing; reads were adapter- and quality-trimmed before submission.	fastq	himeraSTRI2022_trim_1.fq.gz	himeraSTRI2022_trim_2.fq.gz
himeraTT6	himeraTT6	Paired-end whole-genome sequencing of Heliconius himera specimen himeraTT6	WGS	GENOMIC	RANDOM	PAIRED	ILLUMINA	Illumina HiSeq 4000	Paired-end whole-genome resequencing; reads were adapter- and quality-trimmed before submission.	fastq	himeraTT6_trim_1.fq.gz	himeraTT6_trim_2.fq.gz
himeraSTRI2023	himeraSTRI2023	Paired-end whole-genome sequencing of Heliconius himera specimen himeraSTRI2023	WGS	GENOMIC	RANDOM	PAIRED	ILLUMINA	Illumina HiSeq 4000	Paired-end whole-genome resequencing; reads were adapter- and quality-trimmed before submission.	fastq	himeraSTRI2023_trim_1.fq.gz	himeraSTRI2023_trim_2.fq.gz
himeraSTRI2015	himeraSTRI2015	Paired-end whole-genome sequencing of Heliconius himera specimen himeraSTRI2015	WGS	GENOMIC	RANDOM	PAIRED	ILLUMINA	Illumina HiSeq 4000	Paired-end whole-genome resequencing; reads were adapter- and quality-trimmed before submission.	fastq	himeraSTRI2015_trim_1.fq.gz	himeraSTRI2015_trim_2.fq.gz
himeraTT2	himeraTT2	Paired-end whole-genome sequencing of Heliconius himera specimen himeraTT2	WGS	GENOMIC	RANDOM	PAIRED	ILLUMINA	Illumina HiSeq 4000	Paired-end whole-genome resequencing; reads were adapter- and quality-trimmed before submission.	fastq	himeraTT2_trim_1.fq.gz	himeraTT2_trim_2.fq.gz
phyllisSR240	phyllisSR240	Paired-end whole-genome sequencing of Heliconius erato specimen phyllisSR240	WGS	GENOMIC	RANDOM	PAIRED	ILLUMINA	Illumina HiSeq 4000	Paired-end whole-genome resequencing; reads were adapter- and quality-trimmed before submission.	fastq	phyllisSR240_trim_1.fq.gz	phyllisSR240_trim_2.fq.gz
guaricaM3375	guaricaM3375	Paired-end whole-genome sequencing of Heliconius erato specimen guaricaM3375	WGS	GENOMIC	RANDOM	PAIRED	ILLUMINA	Illumina HiSeq 2500	Paired-end whole-genome resequencing; reads were adapter- and quality-trimmed before submission.	fastq	guaricaM3375_trim_1.fq.gz	guaricaM3375_trim_2.fq.gz
guaricaM3121	guaricaM3121	Paired-end whole-genome sequencing of Heliconius erato specimen guaricaM3121	WGS	GENOMIC	RANDOM	PAIRED	ILLUMINA	Illumina HiSeq 2500	Paired-end whole-genome resequencing; reads were adapter- and quality-trimmed before submission.	fastq	guaricaM3121_trim_1.fq.gz	guaricaM3121_trim_2.fq.gz
guaricaM3125	guaricaM3125	Paired-end whole-genome sequencing of Heliconius erato specimen guaricaM3125	WGS	GENOMIC	RANDOM	PAIRED	ILLUMINA	Illumina HiSeq 2500	Paired-end whole-genome resequencing; reads were adapter- and quality-trimmed before submission.	fastq	guaricaM3125_trim_1.fq.gz	guaricaM3125_trim_2.fq.gz
guaricaM3428	guaricaM3428	Paired-end whole-genome sequencing of Heliconius erato specimen guaricaM3428	WGS	GENOMIC	RANDOM	PAIRED	ILLUMINA	Illumina HiSeq 2500	Paired-end whole-genome resequencing; reads were adapter- and quality-trimmed before submission.	fastq	guaricaM3428_trim_1.fq.gz	guaricaM3428_trim_2.fq.gz
guaricaM3376	guaricaM3376	Paired-end whole-genome sequencing of Heliconius erato specimen guaricaM3376	WGS	GENOMIC	RANDOM	PAIRED	ILLUMINA	Illumina HiSeq 2500	Paired-end whole-genome resequencing; reads were adapter- and quality-trimmed before submission.	fastq	guaricaM3376_trim_1.fq.gz	guaricaM3376_trim_2.fq.gz
microcleaKK334	microcleaKK334	Paired-end whole-genome sequencing of Heliconius erato specimen microcleaKK334	WGS	GENOMIC	RANDOM	PAIRED	ILLUMINA	Illumina HiSeq 2500	Paired-end whole-genome resequencing; reads are submitted without filename-indicated trimming.	fastq	KK334_KD17030562-5_HJMFWALXX_L2_1.fq.gz	KK334_KD17030562-5_HJMFWALXX_L2_2.fq.gz
microcleaKK333	microcleaKK333	Paired-end whole-genome sequencing of Heliconius erato specimen microcleaKK333	WGS	GENOMIC	RANDOM	PAIRED	ILLUMINA	Illumina HiSeq 2500	Paired-end whole-genome resequencing; reads are submitted without filename-indicated trimming.	fastq	KK333_KD17030565-7_HJMFWALXX_L5_1.fq.gz	KK333_KD17030565-7_HJMFWALXX_L5_2.fq.gz
emmaKK595	emmaKK595	Paired-end whole-genome sequencing of Heliconius erato specimen emmaKK595	WGS	GENOMIC	RANDOM	PAIRED	ILLUMINA	Illumina HiSeq 4000	Paired-end whole-genome resequencing; reads were adapter- and quality-trimmed before submission.	fastq	emmaKK595_trim_1.fq.gz	emmaKK595_trim_2.fq.gz
emmaKK403	emmaKK403	Paired-end whole-genome sequencing of Heliconius erato specimen emmaKK403	WGS	GENOMIC	RANDOM	PAIRED	ILLUMINA	Illumina HiSeq 4000	Paired-end whole-genome resequencing; reads are submitted without filename-indicated trimming.	fastq	K211_USPD16082428-12_H3KCCCCXY_L5_1.fq.gz	K211_USPD16082428-12_H3KCCCCXY_L5_2.fq.gz
emmaKK401	emmaKK401	Paired-end whole-genome sequencing of Heliconius erato specimen emmaKK401	WGS	GENOMIC	RANDOM	PAIRED	ILLUMINA	Illumina HiSeq 4000	Paired-end whole-genome resequencing; reads were adapter- and quality-trimmed before submission.	fastq	emmaKK401_trim_1.fq.gz	emmaKK401_trim_2.fq.gz
emmaKK599	emmaKK599	Paired-end whole-genome sequencing of Heliconius erato specimen emmaKK599	WGS	GENOMIC	RANDOM	PAIRED	ILLUMINA	Illumina HiSeq 4000	Paired-end whole-genome resequencing; reads were adapter- and quality-trimmed before submission.	fastq	emmaKK599_trim_1.fq.gz	emmaKK599_trim_2.fq.gz
colombinaM4164	colombinaM4164	Paired-end whole-genome sequencing of Heliconius erato specimen colombinaM4164	WGS	GENOMIC	RANDOM	PAIRED	ILLUMINA	Illumina HiSeq 4000	Paired-end whole-genome resequencing; reads were adapter- and quality-trimmed before submission.	fastq	colombinaM4164_trim_1.fq.gz	colombinaM4164_trim_2.fq.gz
amphitriteKK491	amphitriteKK491	Paired-end whole-genome sequencing of Heliconius erato specimen amphitriteKK491	WGS	GENOMIC	RANDOM	PAIRED	ILLUMINA	Illumina HiSeq 2500	Paired-end whole-genome resequencing; reads are submitted without filename-indicated trimming.	fastq	KK491_KD17030565-12_HJMFWALXX_L5_1.fq.gz	KK491_KD17030565-12_HJMFWALXX_L5_2.fq.gz
amphitriteKK492	amphitriteKK492	Paired-end whole-genome sequencing of Heliconius erato specimen amphitriteKK492	WGS	GENOMIC	RANDOM	PAIRED	ILLUMINA	Illumina HiSeq 2500	Paired-end whole-genome resequencing; reads are submitted without filename-indicated trimming.	fastq	KK492_KD17030563-6_HJMFWALXX_L3_1.fq.gz	KK492_KD17030563-6_HJMFWALXX_L3_2.fq.gz
amphitriteKK497	amphitriteKK497	Paired-end whole-genome sequencing of Heliconius erato specimen amphitriteKK497	WGS	GENOMIC	RANDOM	PAIRED	ILLUMINA	Illumina HiSeq 2500	Paired-end whole-genome resequencing; reads are submitted without filename-indicated trimming.	fastq	KK497_KD17030567-AK68_HJMFWALXX_L7_1.fq.gz	KK497_KD17030567-AK68_HJMFWALXX_L7_2.fq.gz
amphitriteKK462	amphitriteKK462	Paired-end whole-genome sequencing of Heliconius erato specimen amphitriteKK462	WGS	GENOMIC	RANDOM	PAIRED	ILLUMINA	Illumina HiSeq 2500	Paired-end whole-genome resequencing; reads are submitted without filename-indicated trimming.	fastq	KK462_KD17030563-7_HJMFWALXX_L3_1.fq.gz	KK462_KD17030563-7_HJMFWALXX_L3_2.fq.gz
amphitriteKK528	amphitriteKK528	Paired-end whole-genome sequencing of Heliconius erato specimen amphitriteKK528	WGS	GENOMIC	RANDOM	PAIRED	ILLUMINA	Illumina HiSeq 2500	Paired-end whole-genome resequencing; reads are submitted without filename-indicated trimming.	fastq	KK528_KD17030569-AK67_HH2N7ALXX_L5_1.fq.gz	KK528_KD17030569-AK67_HH2N7ALXX_L5_2.fq.gz
amphitriteKK463	amphitriteKK463	Paired-end whole-genome sequencing of Heliconius erato specimen amphitriteKK463	WGS	GENOMIC	RANDOM	PAIRED	ILLUMINA	Illumina HiSeq 2500	Paired-end whole-genome resequencing; reads are submitted without filename-indicated trimming.	fastq	KK463_KD17030562-12_HJMFWALXX_L2_1.fq.gz	KK463_KD17030562-12_HJMFWALXX_L2_2.fq.gz
amphitriteKK520	amphitriteKK520	Paired-end whole-genome sequencing of Heliconius erato specimen amphitriteKK520	WGS	GENOMIC	RANDOM	PAIRED	ILLUMINA	Illumina HiSeq 2500	Paired-end whole-genome resequencing; reads are submitted without filename-indicated trimming.	fastq	KK520_KD17030568-AK68_HJMFWALXX_L8_1.fq.gz	KK520_KD17030568-AK68_HJMFWALXX_L8_2.fq.gz
amphitriteKK522	amphitriteKK522	Paired-end whole-genome sequencing of Heliconius erato specimen amphitriteKK522	WGS	GENOMIC	RANDOM	PAIRED	ILLUMINA	Illumina HiSeq 2500	Paired-end whole-genome resequencing; reads are submitted without filename-indicated trimming.	fastq	KK522_KD17030567-AK67_HJMFWALXX_L7_1.fq.gz	KK522_KD17030567-AK67_HJMFWALXX_L7_2.fq.gz
hydaraSTRI354	hydaraSTRI354	Paired-end whole-genome sequencing of Heliconius erato specimen hydaraSTRI354	WGS	GENOMIC	RANDOM	PAIRED	ILLUMINA	Illumina HiSeq 4000	Paired-end whole-genome resequencing; reads were adapter- and quality-trimmed before submission.	fastq	hydaraSTRI354_trim_1.fq.gz	hydaraSTRI354_trim_2.fq.gz
hydaraSTRI359	hydaraSTRI359	Paired-end whole-genome sequencing of Heliconius erato specimen hydaraSTRI359	WGS	GENOMIC	RANDOM	PAIRED	ILLUMINA	Illumina HiSeq 4000	Paired-end whole-genome resequencing; reads were adapter- and quality-trimmed before submission.	fastq	hydaraSTRI359_trim_1.fq.gz	hydaraSTRI359_trim_2.fq.gz
hydaraHE1	hydaraHE1	Paired-end whole-genome sequencing of Heliconius erato specimen hydaraHE1	WGS	GENOMIC	RANDOM	PAIRED	ILLUMINA	Illumina HiSeq 2500	Paired-end whole-genome resequencing; reads are submitted without filename-indicated trimming.	fastq	HE1_KD17030565-AK66_HJMFWALXX_L5_1.fq.gz	HE1_KD17030565-AK66_HJMFWALXX_L5_2.fq.gz
hydaraHE2	hydaraHE2	Paired-end whole-genome sequencing of Heliconius erato specimen hydaraHE2	WGS	GENOMIC	RANDOM	PAIRED	ILLUMINA	Illumina HiSeq 2500	Paired-end whole-genome resequencing; reads are submitted without filename-indicated trimming.	fastq	HE2_KD17030566-7_HJMFWALXX_L6_1.fq.gz	HE2_KD17030566-7_HJMFWALXX_L6_2.fq.gz
luscombeiKK580	luscombeiKK580	Paired-end whole-genome sequencing of Heliconius erato specimen luscombeiKK580	WGS	GENOMIC	RANDOM	PAIRED	ILLUMINA	Illumina HiSeq 4000	Paired-end whole-genome resequencing; reads were adapter- and quality-trimmed before submission.	fastq	luscombeiKK580_trim_1.fq.gz	luscombeiKK580_trim_2.fq.gz
luscombeiSTRI5772	luscombeiSTRI5772	Paired-end whole-genome sequencing of Heliconius erato specimen luscombeiSTRI5772	WGS	GENOMIC	RANDOM	PAIRED	ILLUMINA	Illumina HiSeq 4000	Paired-end whole-genome resequencing; reads were adapter- and quality-trimmed before submission.	fastq	luscombeiSTRI5772_trim_1.fq.gz	luscombeiSTRI5772_trim_2.fq.gz
venustusSR344	venustusSR344	Paired-end whole-genome sequencing of Heliconius erato specimen venustusSR344	WGS	GENOMIC	RANDOM	PAIRED	ILLUMINA	Illumina HiSeq 4000	Paired-end whole-genome resequencing; reads were adapter- and quality-trimmed before submission.	fastq	venustusSR344_trim_1.fq.gz	venustusSR344_trim_2.fq.gz
venustusSR334	venustusSR334	Paired-end whole-genome sequencing of Heliconius erato specimen venustusSR334	WGS	GENOMIC	RANDOM	PAIRED	ILLUMINA	Illumina HiSeq 4000	Paired-end whole-genome resequencing; reads were adapter- and quality-trimmed before submission.	fastq	venustusSR334_trim_1.fq.gz	venustusSR334_trim_2.fq.gz
reductimaculaTUP317	reductimaculaTUP317	Paired-end whole-genome sequencing of Heliconius erato specimen reductimaculaTUP317	WGS	GENOMIC	RANDOM	PAIRED	ILLUMINA	Illumina HiSeq 4000	Paired-end whole-genome resequencing; reads were adapter- and quality-trimmed before submission.	fastq	reductimaculaTUP317_trim_1.fq.gz	reductimaculaTUP317_trim_2.fq.gz
reductimaculaCAR291	reductimaculaCAR291	Paired-end whole-genome sequencing of Heliconius erato specimen reductimaculaCAR291	WGS	GENOMIC	RANDOM	PAIRED	ILLUMINA	Illumina HiSeq 4000	Paired-end whole-genome resequencing; reads were adapter- and quality-trimmed before submission.	fastq	reductimaculaCAR291_trim_1.fq.gz	reductimaculaCAR291_trim_2.fq.gz
venustusSR354	venustusSR354	Paired-end whole-genome sequencing of Heliconius erato specimen venustusSR354	WGS	GENOMIC	RANDOM	PAIRED	ILLUMINA	Illumina HiSeq 4000	Paired-end whole-genome resequencing; reads were adapter- and quality-trimmed before submission.	fastq	venustusSR354_trim_1.fq.gz	venustusSR354_trim_2.fq.gz
venustusSR309	venustusSR309	Paired-end whole-genome sequencing of Heliconius erato specimen venustusSR309	WGS	GENOMIC	RANDOM	PAIRED	ILLUMINA	Illumina HiSeq 4000	Paired-end whole-genome resequencing; reads were adapter- and quality-trimmed before submission.	fastq	venustusSR309_trim_1.fq.gz	venustusSR309_trim_2.fq.gz
amalfredaPF320	amalfredaPF320	Paired-end whole-genome sequencing of Heliconius erato specimen amalfredaPF320	WGS	GENOMIC	RANDOM	PAIRED	ILLUMINA	Illumina HiSeq 4000	Paired-end whole-genome resequencing; reads were adapter- and quality-trimmed before submission.	fastq	amalfredaPF320_trim_1.fq.gz	amalfredaPF320_trim_2.fq.gz
hermathenaPF264	hermathenaPF264	Paired-end whole-genome sequencing of Heliconius hermathena specimen hermathenaPF264	WGS	GENOMIC	RANDOM	PAIRED	ILLUMINA	Illumina HiSeq 4000	Paired-end whole-genome resequencing; reads were adapter- and quality-trimmed before submission.	fastq	hhermathenaPF264_trim_1.fq.gz	hhermathenaPF264_trim_2.fq.gz
hermathenaPF267	hermathenaPF267	Paired-end whole-genome sequencing of Heliconius hermathena specimen hermathenaPF267	WGS	GENOMIC	RANDOM	PAIRED	ILLUMINA	Illumina HiSeq 4000	Paired-end whole-genome resequencing; reads were adapter- and quality-trimmed before submission.	fastq	hhermathenaPF267_trim_1.fq.gz	hhermathenaPF267_trim_2.fq.gz
amalfredaPF322	amalfredaPF322	Paired-end whole-genome sequencing of Heliconius erato specimen amalfredaPF322	WGS	GENOMIC	RANDOM	PAIRED	ILLUMINA	Illumina HiSeq 4000	Paired-end whole-genome resequencing; reads were adapter- and quality-trimmed before submission.	fastq	amalfredaPF322_trim_1.fq.gz	amalfredaPF322_trim_2.fq.gz
amalfredaPF269	amalfredaPF269	Paired-end whole-genome sequencing of Heliconius erato specimen amalfredaPF269	WGS	GENOMIC	RANDOM	PAIRED	ILLUMINA	Illumina HiSeq 4000	Paired-end whole-genome resequencing; reads were adapter- and quality-trimmed before submission.	fastq	amalfredaPF269_trim_1.fq.gz	amalfredaPF269_trim_2.fq.gz
amalfredaPF268	amalfredaPF268	Paired-end whole-genome sequencing of Heliconius erato specimen amalfredaPF268	WGS	GENOMIC	RANDOM	PAIRED	ILLUMINA	Illumina HiSeq 4000	Paired-end whole-genome resequencing; reads were adapter- and quality-trimmed before submission.	fastq	amalfredaPF268_trim_1.fq.gz	amalfredaPF268_trim_2.fq.gz
reductimaculaCAR298	reductimaculaCAR298	Paired-end whole-genome sequencing of Heliconius erato specimen reductimaculaCAR298	WGS	GENOMIC	RANDOM	PAIRED	ILLUMINA	Illumina HiSeq 4000	Paired-end whole-genome resequencing; reads were adapter- and quality-trimmed before submission.	fastq	reductimaculaCAR298_trim_1.fq.gz	reductimaculaCAR298_trim_2.fq.gz
reductimaculaCAR297	reductimaculaCAR297	Paired-end whole-genome sequencing of Heliconius erato specimen reductimaculaCAR297	WGS	GENOMIC	RANDOM	PAIRED	ILLUMINA	Illumina HiSeq 4000	Paired-end whole-genome resequencing; reads were adapter- and quality-trimmed before submission.	fastq	reductimaculaCAR297_trim_1.fq.gz	reductimaculaCAR297_trim_2.fq.gz
phyllisSR300	phyllisSR300	Paired-end whole-genome sequencing of Heliconius erato specimen phyllisSR300	WGS	GENOMIC	RANDOM	PAIRED	ILLUMINA	Illumina HiSeq 4000	Paired-end whole-genome resequencing; reads were adapter- and quality-trimmed before submission.	fastq	phyllisSR300_trim_1.fq.gz	phyllisSR300_trim_2.fq.gz
phyllisSR389	phyllisSR389	Paired-end whole-genome sequencing of Heliconius erato specimen phyllisSR389	WGS	GENOMIC	RANDOM	PAIRED	ILLUMINA	Illumina HiSeq 4000	Paired-end whole-genome resequencing; reads were adapter- and quality-trimmed before submission.	fastq	phyllisSR389_trim_1.fq.gz	phyllisSR389_trim_2.fq.gz
phyllisSR385	phyllisSR385	Paired-end whole-genome sequencing of Heliconius erato specimen phyllisSR385	WGS	GENOMIC	RANDOM	PAIRED	ILLUMINA	Illumina HiSeq 4000	Paired-end whole-genome resequencing; reads were adapter- and quality-trimmed before submission.	fastq	phyllisSR385_trim_1.fq.gz	phyllisSR385_trim_2.fq.gz
phyllisSR284	phyllisSR284	Paired-end whole-genome sequencing of Heliconius erato specimen phyllisSR284	WGS	GENOMIC	RANDOM	PAIRED	ILLUMINA	Illumina HiSeq 4000	Paired-end whole-genome resequencing; reads were adapter- and quality-trimmed before submission.	fastq	phyllisSR284_trim_1.fq.gz	phyllisSR284_trim_2.fq.gz
phyllisSR285	phyllisSR285	Paired-end whole-genome sequencing of Heliconius erato specimen phyllisSR285	WGS	GENOMIC	RANDOM	PAIRED	ILLUMINA	Illumina HiSeq 4000	Paired-end whole-genome resequencing; reads were adapter- and quality-trimmed before submission.	fastq	phyllisSR285_trim_1.fq.gz	phyllisSR285_trim_2.fq.gz
hermathenaKK254	hermathenaKK254	Paired-end whole-genome sequencing of Heliconius hermathena specimen hermathenaKK254	WGS	GENOMIC	RANDOM	PAIRED	ILLUMINA	Illumina HiSeq 4000	Paired-end whole-genome resequencing; reads were adapter- and quality-trimmed before submission.	fastq	hverreataKK254_trim_1.fq.gz	hverreataKK254_trim_2.fq.gz
hermathenaKK264	hermathenaKK264	Paired-end whole-genome sequencing of Heliconius hermathena specimen hermathenaKK264	WGS	GENOMIC	RANDOM	PAIRED	ILLUMINA	Illumina HiSeq 4000	Paired-end whole-genome resequencing; reads were adapter- and quality-trimmed before submission.	fastq	hhermathenaKK264_trim_1.fq.gz	hhermathenaKK264_trim_2.fq.gz
hermathenaKK265	hermathenaKK265	Paired-end whole-genome sequencing of Heliconius hermathena specimen hermathenaKK265	WGS	GENOMIC	RANDOM	PAIRED	ILLUMINA	Illumina HiSeq 4000	Paired-end whole-genome resequencing; reads were adapter- and quality-trimmed before submission.	fastq	hverreataKK265_trim_1.fq.gz	hverreataKK265_trim_2.fq.gz
hermathenaKK266	hermathenaKK266	Paired-end whole-genome sequencing of Heliconius hermathena specimen hermathenaKK266	WGS	GENOMIC	RANDOM	PAIRED	ILLUMINA	Illumina HiSeq 4000	Paired-end whole-genome resequencing; reads were adapter- and quality-trimmed before submission.	fastq	hverreataKK266_trim_1.fq.gz	hverreataKK266_trim_2.fq.gz
hermathenaKK274	hermathenaKK274	Paired-end whole-genome sequencing of Heliconius hermathena specimen hermathenaKK274	WGS	GENOMIC	RANDOM	PAIRED	ILLUMINA	Illumina HiSeq 4000	Paired-end whole-genome resequencing; reads were adapter- and quality-trimmed before submission.	fastq	hverreataKK274_trim_1.fq.gz	hverreataKK274_trim_2.fq.gz
hermathenaKK269	hermathenaKK269	Paired-end whole-genome sequencing of Heliconius hermathena specimen hermathenaKK269	WGS	GENOMIC	RANDOM	PAIRED	ILLUMINA	Illumina HiSeq 4000	Paired-end whole-genome resequencing; reads were adapter- and quality-trimmed before submission.	fastq	hhermathenaKK269_trim_1.fq.gz	hhermathenaKK269_trim_2.fq.gz
hermathenaKK257	hermathenaKK257	Paired-end whole-genome sequencing of Heliconius hermathena specimen hermathenaKK257	WGS	GENOMIC	RANDOM	PAIRED	ILLUMINA	Illumina HiSeq 4000	Paired-end whole-genome resequencing; reads were adapter- and quality-trimmed before submission.	fastq	hhermathenaKK257_trim_1.fq.gz	hhermathenaKK257_trim_2.fq.gz
hermathenaKK256	hermathenaKK256	Paired-end whole-genome sequencing of Heliconius hermathena specimen hermathenaKK256	WGS	GENOMIC	RANDOM	PAIRED	ILLUMINA	Illumina HiSeq 4000	Paired-end whole-genome resequencing; reads were adapter- and quality-trimmed before submission.	fastq	hverreataKK256_trim_1.fq.gz	hverreataKK256_trim_2.fq.gz
hermathenaKK268	hermathenaKK268	Paired-end whole-genome sequencing of Heliconius hermathena specimen hermathenaKK268	WGS	GENOMIC	RANDOM	PAIRED	ILLUMINA	Illumina HiSeq 4000	Paired-end whole-genome resequencing; reads were adapter- and quality-trimmed before submission.	fastq	hhermathenaKK268_trim_1.fq.gz	hhermathenaKK268_trim_2.fq.gz
hermathenaKK273	hermathenaKK273	Paired-end whole-genome sequencing of Heliconius hermathena specimen hermathenaKK273	WGS	GENOMIC	RANDOM	PAIRED	ILLUMINA	Illumina HiSeq 4000	Paired-end whole-genome resequencing; reads were adapter- and quality-trimmed before submission.	fastq	hverreataKK273_trim_1.fq.gz	hverreataKK273_trim_2.fq.gz
hermathenaKK270	hermathenaKK270	Paired-end whole-genome sequencing of Heliconius hermathena specimen hermathenaKK270	WGS	GENOMIC	RANDOM	PAIRED	ILLUMINA	Illumina HiSeq 4000	Paired-end whole-genome resequencing; reads were adapter- and quality-trimmed before submission.	fastq	hverreataKK270_trim_1.fq.gz	hverreataKK270_trim_2.fq.gz
hermathenaKK259	hermathenaKK259	Paired-end whole-genome sequencing of Heliconius hermathena specimen hermathenaKK259	WGS	GENOMIC	RANDOM	PAIRED	ILLUMINA	Illumina HiSeq 4000	Paired-end whole-genome resequencing; reads were adapter- and quality-trimmed before submission.	fastq	hhermathenaKK259_trim_1.fq.gz	hhermathenaKK259_trim_2.fq.gz
amazonaSR71	amazonaSR71	Paired-end whole-genome sequencing of Heliconius erato specimen amazonaSR71	WGS	GENOMIC	RANDOM	PAIRED	ILLUMINA	Illumina HiSeq 4000	Paired-end whole-genome resequencing; reads were adapter- and quality-trimmed before submission.	fastq	amazonaSR71_trim_1.fq.gz	amazonaSR71_trim_2.fq.gz
amazonaSR80	amazonaSR80	Paired-end whole-genome sequencing of Heliconius erato specimen amazonaSR80	WGS	GENOMIC	RANDOM	PAIRED	ILLUMINA	Illumina HiSeq 4000	Paired-end whole-genome resequencing; reads were adapter- and quality-trimmed before submission.	fastq	amazonaSR80_trim_1.fq.gz	amazonaSR80_trim_2.fq.gz
amazonaSR79	amazonaSR79	Paired-end whole-genome sequencing of Heliconius erato specimen amazonaSR79	WGS	GENOMIC	RANDOM	PAIRED	ILLUMINA	Illumina HiSeq 4000	Paired-end whole-genome resequencing; reads were adapter- and quality-trimmed before submission.	fastq	amazonaSR79_trim_1.fq.gz	amazonaSR79_trim_2.fq.gz
amazonaSR73	amazonaSR73	Paired-end whole-genome sequencing of Heliconius erato specimen amazonaSR73	WGS	GENOMIC	RANDOM	PAIRED	ILLUMINA	Illumina HiSeq 4000	Paired-end whole-genome resequencing; reads were adapter- and quality-trimmed before submission.	fastq	amazonaSR73_trim_1.fq.gz	amazonaSR73_trim_2.fq.gz
amazonaSR72	amazonaSR72	Paired-end whole-genome sequencing of Heliconius erato specimen amazonaSR72	WGS	GENOMIC	RANDOM	PAIRED	ILLUMINA	Illumina HiSeq 4000	Paired-end whole-genome resequencing; reads were adapter- and quality-trimmed before submission.	fastq	amazonaSR72_trim_1.fq.gz	amazonaSR72_trim_2.fq.gz
phyllisSR232	phyllisSR232	Paired-end whole-genome sequencing of Heliconius erato specimen phyllisSR232	WGS	GENOMIC	RANDOM	PAIRED	ILLUMINA	Illumina HiSeq 4000	Paired-end whole-genome resequencing; reads were adapter- and quality-trimmed before submission.	fastq	phyllisSR232_trim_1.fq.gz	phyllisSR232_trim_2.fq.gz
phyllisSR233	phyllisSR233	Paired-end whole-genome sequencing of Heliconius erato specimen phyllisSR233	WGS	GENOMIC	RANDOM	PAIRED	ILLUMINA	Illumina HiSeq 4000	Paired-end whole-genome resequencing; reads were adapter- and quality-trimmed before submission.	fastq	phyllisSR233_trim_1.fq.gz	phyllisSR233_trim_2.fq.gz
phyllisSR258	phyllisSR258	Paired-end whole-genome sequencing of Heliconius erato specimen phyllisSR258	WGS	GENOMIC	RANDOM	PAIRED	ILLUMINA	Illumina HiSeq 4000	Paired-end whole-genome resequencing; reads were adapter- and quality-trimmed before submission.	fastq	phyllisSR258_trim_1.fq.gz	phyllisSR258_trim_2.fq.gz
hermathenaKK279	hermathenaKK279	Paired-end whole-genome sequencing of Heliconius hermathena specimen hermathenaKK279	WGS	GENOMIC	RANDOM	PAIRED	ILLUMINA	Illumina HiSeq 2500	Paired-end whole-genome resequencing; reads were adapter- and quality-trimmed before submission.	fastq	hhermathenaKK279_trim_1.fq.gz	hhermathenaKK279_trim_2.fq.gz
hermathenaSR312	hermathenaSR312	Paired-end whole-genome sequencing of Heliconius hermathena specimen hermathenaSR312	WGS	GENOMIC	RANDOM	PAIRED	ILLUMINA	Illumina HiSeq 4000	Paired-end whole-genome resequencing; reads were adapter- and quality-trimmed before submission.	fastq	hhermathenaSR312_trim_1.fq.gz	hhermathenaSR312_trim_2.fq.gz
hermathenaKK284	hermathenaKK284	Paired-end whole-genome sequencing of Heliconius hermathena specimen hermathenaKK284	WGS	GENOMIC	RANDOM	PAIRED	ILLUMINA	Illumina HiSeq 2500	Paired-end whole-genome resequencing; reads were adapter- and quality-trimmed before submission.	fastq	hverreataKK284_trim_1.fq.gz	hverreataKK284_trim_2.fq.gz
amazonaSR126	amazonaSR126	Paired-end whole-genome sequencing of Heliconius erato specimen amazonaSR126	WGS	GENOMIC	RANDOM	PAIRED	ILLUMINA	Illumina HiSeq 4000	Paired-end whole-genome resequencing; reads were adapter- and quality-trimmed before submission.	fastq	amazonaSR126_trim_1.fq.gz	amazonaSR126_trim_2.fq.gz
amazonaSR125	amazonaSR125	Paired-end whole-genome sequencing of Heliconius erato specimen amazonaSR125	WGS	GENOMIC	RANDOM	PAIRED	ILLUMINA	Illumina HiSeq 4000	Paired-end whole-genome resequencing; reads were adapter- and quality-trimmed before submission.	fastq	amazonaSR125_trim_1.fq.gz	amazonaSR125_trim_2.fq.gz
amazonaSR127	amazonaSR127	Paired-end whole-genome sequencing of Heliconius erato specimen amazonaSR127	WGS	GENOMIC	RANDOM	PAIRED	ILLUMINA	Illumina HiSeq 4000	Paired-end whole-genome resequencing; reads were adapter- and quality-trimmed before submission.	fastq	amazonaSR127_trim_1.fq.gz	amazonaSR127_trim_2.fq.gz
amazonaSR1	amazonaSR1	Paired-end whole-genome sequencing of Heliconius erato specimen amazonaSR1	WGS	GENOMIC	RANDOM	PAIRED	ILLUMINA	Illumina HiSeq 4000	Paired-end whole-genome resequencing; reads were adapter- and quality-trimmed before submission.	fastq	amazonaSR1_trim_1.fq.gz	amazonaSR1_trim_2.fq.gz
hydaraxamalfredaSR165	hydaraxamalfredaSR165	Paired-end whole-genome sequencing of Heliconius erato specimen hydaraxamalfredaSR165	WGS	GENOMIC	RANDOM	PAIRED	ILLUMINA	Illumina HiSeq 4000	Paired-end whole-genome resequencing; reads were adapter- and quality-trimmed before submission.	fastq	hydaraxamalfredaSR165_trim_1.fq.gz	hydaraxamalfredaSR165_trim_2.fq.gz
amalfredaSR214	amalfredaSR214	Paired-end whole-genome sequencing of Heliconius erato specimen amalfredaSR214	WGS	GENOMIC	RANDOM	PAIRED	ILLUMINA	Illumina HiSeq 4000	Paired-end whole-genome resequencing; reads were adapter- and quality-trimmed before submission.	fastq	amalfredaSR214_trim_1.fq.gz	amalfredaSR214_trim_2.fq.gz
hydaraxamalfredaSR200	hydaraxamalfredaSR200	Paired-end whole-genome sequencing of Heliconius erato specimen hydaraxamalfredaSR200	WGS	GENOMIC	RANDOM	PAIRED	ILLUMINA	Illumina HiSeq 4000	Paired-end whole-genome resequencing; reads were adapter- and quality-trimmed before submission.	fastq	hydaraxamalfredaSR200_trim_1.fq.gz	hydaraxamalfredaSR200_trim_2.fq.gz
hydaraxamalfredaSR166	hydaraxamalfredaSR166	Paired-end whole-genome sequencing of Heliconius erato specimen hydaraxamalfredaSR166	WGS	GENOMIC	RANDOM	PAIRED	ILLUMINA	Illumina HiSeq 4000	Paired-end whole-genome resequencing; reads were adapter- and quality-trimmed before submission.	fastq	hydaraxamalfredaSR166_trim_1.fq.gz	hydaraxamalfredaSR166_trim_2.fq.gz
estrella16HE037	estrella16HE037	Paired-end whole-genome sequencing of Heliconius erato specimen estrella16HE037	WGS	GENOMIC	RANDOM	PAIRED	ILLUMINA	Illumina HiSeq 4000	Paired-end whole-genome resequencing; reads were adapter- and quality-trimmed before submission.	fastq	estrella16HE037_trim_1.fq.gz	estrella16HE037_trim_2.fq.gz
estrella16HE043	estrella16HE043	Paired-end whole-genome sequencing of Heliconius erato specimen estrella16HE043	WGS	GENOMIC	RANDOM	PAIRED	ILLUMINA	Illumina HiSeq 4000	Paired-end whole-genome resequencing; reads were adapter- and quality-trimmed before submission.	fastq	estrella16HE043_trim_1.fq.gz	estrella16HE043_trim_2.fq.gz
amazonaKK189	amazonaKK189	Paired-end whole-genome sequencing of Heliconius erato specimen amazonaKK189	WGS	GENOMIC	RANDOM	PAIRED	ILLUMINA	Illumina HiSeq 2500	Paired-end whole-genome resequencing; reads are submitted without filename-indicated trimming.	fastq	KK189_KD17030563-AK67_HJMFWALXX_L3_1.fq.gz	KK189_KD17030563-AK67_HJMFWALXX_L3_2.fq.gz
amazonaKK190	amazonaKK190	Paired-end whole-genome sequencing of Heliconius erato specimen amazonaKK190	WGS	GENOMIC	RANDOM	PAIRED	ILLUMINA	Illumina HiSeq 2500	Paired-end whole-genome resequencing; reads are submitted without filename-indicated trimming.	fastq	KK190_KD17030565-5_HJMFWALXX_L5_1.fq.gz	KK190_KD17030565-5_HJMFWALXX_L5_2.fq.gz
amazonaKK168	amazonaKK168	Paired-end whole-genome sequencing of Heliconius erato specimen amazonaKK168	WGS	GENOMIC	RANDOM	PAIRED	ILLUMINA	Illumina HiSeq 2500	Paired-end whole-genome resequencing; reads are submitted without filename-indicated trimming.	fastq	KK168_KD17030564-2_HJMFWALXX_L4_1.fq.gz	KK168_KD17030564-2_HJMFWALXX_L4_2.fq.gz
amazonaKK166	amazonaKK166	Paired-end whole-genome sequencing of Heliconius erato specimen amazonaKK166	WGS	GENOMIC	RANDOM	PAIRED	ILLUMINA	Illumina HiSeq 2500	Paired-end whole-genome resequencing; reads are submitted without filename-indicated trimming.	fastq	KK166_KD17030563-4_HJMFWALXX_L3_1.fq.gz	KK166_KD17030563-4_HJMFWALXX_L3_2.fq.gz
amazonaKK165	amazonaKK165	Paired-end whole-genome sequencing of Heliconius erato specimen amazonaKK165	WGS	GENOMIC	RANDOM	PAIRED	ILLUMINA	Illumina HiSeq 2500	Paired-end whole-genome resequencing; reads are submitted without filename-indicated trimming.	fastq	KK165_KD17030565-4_HJMFWALXX_L5_1.fq.gz	KK165_KD17030565-4_HJMFWALXX_L5_2.fq.gz
amazonaKK216	amazonaKK216	Paired-end whole-genome sequencing of Heliconius erato specimen amazonaKK216	WGS	GENOMIC	RANDOM	PAIRED	ILLUMINA	Illumina HiSeq 2500	Paired-end whole-genome resequencing; reads are submitted without filename-indicated trimming.	fastq	KK216_KD17030562-2_HJMFWALXX_L2_1.fq.gz	KK216_KD17030562-2_HJMFWALXX_L2_2.fq.gz
amazonaKK225	amazonaKK225	Paired-end whole-genome sequencing of Heliconius erato specimen amazonaKK225	WGS	GENOMIC	RANDOM	PAIRED	ILLUMINA	Illumina HiSeq 2500	Paired-end whole-genome resequencing; reads are submitted without filename-indicated trimming.	fastq	KK225_KD17030566-4_HJMFWALXX_L6_1.fq.gz	KK225_KD17030566-4_HJMFWALXX_L6_2.fq.gz
amazonaKK217	amazonaKK217	Paired-end whole-genome sequencing of Heliconius erato specimen amazonaKK217	WGS	GENOMIC	RANDOM	PAIRED	ILLUMINA	Illumina HiSeq 2500	Paired-end whole-genome resequencing; reads are submitted without filename-indicated trimming.	fastq	KK217_KD17030565-2_HJMFWALXX_L5_1.fq.gz	KK217_KD17030565-2_HJMFWALXX_L5_2.fq.gz
amazonaKK214	amazonaKK214	Paired-end whole-genome sequencing of Heliconius erato specimen amazonaKK214	WGS	GENOMIC	RANDOM	PAIRED	ILLUMINA	Illumina HiSeq 2500	Paired-end whole-genome resequencing; reads are submitted without filename-indicated trimming.	fastq	KK214_KD17030563-2_HJMFWALXX_L3_1.fq.gz	KK214_KD17030563-2_HJMFWALXX_L3_2.fq.gz
amazonaKK181	amazonaKK181	Paired-end whole-genome sequencing of Heliconius erato specimen amazonaKK181	WGS	GENOMIC	RANDOM	PAIRED	ILLUMINA	Illumina HiSeq 2500	Paired-end whole-genome resequencing; reads are submitted without filename-indicated trimming.	fastq	KK181_KD17030566-2_HJMFWALXX_L6_1.fq.gz	KK181_KD17030566-2_HJMFWALXX_L6_2.fq.gz
phyllisKK105	phyllisKK105	Paired-end whole-genome sequencing of Heliconius erato specimen phyllisKK105	WGS	GENOMIC	RANDOM	PAIRED	ILLUMINA	Illumina HiSeq 2500	Paired-end whole-genome resequencing; reads are submitted without filename-indicated trimming.	fastq	KK105_KD17030565-6_HJMFWALXX_L5_1.fq.gz	KK105_KD17030565-6_HJMFWALXX_L5_2.fq.gz
phyllisKK104	phyllisKK104	Paired-end whole-genome sequencing of Heliconius erato specimen phyllisKK104	WGS	GENOMIC	RANDOM	PAIRED	ILLUMINA	Illumina HiSeq 2500	Paired-end whole-genome resequencing; reads are submitted without filename-indicated trimming.	fastq	KK104_KD17030564-5_HJMFWALXX_L4_1.fq.gz	KK104_KD17030564-5_HJMFWALXX_L4_2.fq.gz
phyllisKK101	phyllisKK101	Paired-end whole-genome sequencing of Heliconius erato specimen phyllisKK101	WGS	GENOMIC	RANDOM	PAIRED	ILLUMINA	Illumina HiSeq 2500	Paired-end whole-genome resequencing; reads were adapter- and quality-trimmed before submission.	fastq	phyllisKK101_trim_1.fq.gz	phyllisKK101_trim_2.fq.gz
phyllisKK103	phyllisKK103	Paired-end whole-genome sequencing of Heliconius erato specimen phyllisKK103	WGS	GENOMIC	RANDOM	PAIRED	ILLUMINA	Illumina HiSeq 2500	Paired-end whole-genome resequencing; reads are submitted without filename-indicated trimming.	fastq	KK103_KD17030562-4_HJMFWALXX_L2_1.fq.gz	KK103_KD17030562-4_HJMFWALXX_L2_2.fq.gz
phyllisKK102	phyllisKK102	Paired-end whole-genome sequencing of Heliconius erato specimen phyllisKK102	WGS	GENOMIC	RANDOM	PAIRED	ILLUMINA	Illumina HiSeq 2500	Paired-end whole-genome resequencing; reads are submitted without filename-indicated trimming.	fastq	KK102_KD17030564-4_HJMFWALXX_L4_1.fq.gz	KK102_KD17030564-4_HJMFWALXX_L4_2.fq.gz
phyllis16HE051	phyllis16HE051	Paired-end whole-genome sequencing of Heliconius erato specimen phyllis16HE051	WGS	GENOMIC	RANDOM	PAIRED	ILLUMINA	Illumina HiSeq 4000	Paired-end whole-genome resequencing; reads were adapter- and quality-trimmed before submission.	fastq	phyllis16HE051_trim_1.fq.gz	phyllis16HE051_trim_2.fq.gz
phyllis16HE094	phyllis16HE094	Paired-end whole-genome sequencing of Heliconius erato specimen phyllis16HE094	WGS	GENOMIC	RANDOM	PAIRED	ILLUMINA	Illumina HiSeq 4000	Paired-end whole-genome resequencing; reads were adapter- and quality-trimmed before submission.	fastq	phyllis16HE094_trim_1.fq.gz	phyllis16HE094_trim_2.fq.gz
phyllis16HE088	phyllis16HE088	Paired-end whole-genome sequencing of Heliconius erato specimen phyllis16HE088	WGS	GENOMIC	RANDOM	PAIRED	ILLUMINA	Illumina HiSeq 4000	Paired-end whole-genome resequencing; reads were adapter- and quality-trimmed before submission.	fastq	phyllis16HE088_trim_1.fq.gz	phyllis16HE088_trim_2.fq.gz
phyllis16HE087	phyllis16HE087	Paired-end whole-genome sequencing of Heliconius erato specimen phyllis16HE087	WGS	GENOMIC	RANDOM	PAIRED	ILLUMINA	Illumina HiSeq 4000	Paired-end whole-genome resequencing; reads were adapter- and quality-trimmed before submission.	fastq	phyllis16HE087_trim_1.fq.gz	phyllis16HE087_trim_2.fq.gz
phyllis16HE052	phyllis16HE052	Paired-end whole-genome sequencing of Heliconius erato specimen phyllis16HE052	WGS	GENOMIC	RANDOM	PAIRED	ILLUMINA	Illumina HiSeq 4000	Paired-end whole-genome resequencing; reads were adapter- and quality-trimmed before submission.	fastq	phyllis16HE052_trim_1.fq.gz	phyllis16HE052_trim_2.fq.gz
hydaraSTRI353	hydaraSTRI353	Paired-end whole-genome sequencing of Heliconius erato specimen hydaraSTRI353	WGS	GENOMIC	RANDOM	PAIRED	ILLUMINA	Illumina HiSeq 4000	Paired-end whole-genome resequencing; reads were adapter- and quality-trimmed before submission.	fastq	hydaraSTRI353_trim_1.fq.gz	hydaraSTRI353_trim_2.fq.gz
estrella16HE038	estrella16HE038	Paired-end whole-genome sequencing of Heliconius erato specimen estrella16HE038	WGS	GENOMIC	RANDOM	PAIRED	ILLUMINA	Illumina HiSeq 4000	Paired-end whole-genome resequencing; reads were adapter- and quality-trimmed before submission.	fastq	estrella16HE038_trim_1.fq.gz	estrella16HE038_trim_2.fq.gz
luscombeiKK600	luscombeiKK600	Paired-end whole-genome sequencing of Heliconius erato specimen luscombeiKK600	WGS	GENOMIC	RANDOM	PAIRED	ILLUMINA	Illumina HiSeq 4000	Paired-end whole-genome resequencing; reads were adapter- and quality-trimmed before submission.	fastq	luscombeiKK600_trim_1.fq.gz	luscombeiKK600_trim_2.fq.gz
hydaraXamalfredaSR205	hydaraXamalfredaSR205	Paired-end whole-genome sequencing of Heliconius erato specimen hydaraXamalfredaSR205	WGS	GENOMIC	RANDOM	PAIRED	ILLUMINA	Illumina HiSeq 4000	Paired-end whole-genome resequencing; reads were adapter- and quality-trimmed before submission.	fastq	hydaraxamalfredaSR205_trim_1.fq.gz	hydaraxamalfredaSR205_trim_2.fq.gz
amalfredaPF265	amalfredaPF265	Paired-end whole-genome sequencing of Heliconius erato specimen amalfredaPF265	WGS	GENOMIC	RANDOM	PAIRED	ILLUMINA	Illumina HiSeq 4000	Paired-end whole-genome resequencing; reads were adapter- and quality-trimmed before submission.	fastq	amalfredaPF265_trim_1.fq.gz	amalfredaPF265_trim_2.fq.gz
luscombeiSTRI2281	luscombeiSTRI2281	Paired-end whole-genome sequencing of Heliconius erato specimen luscombeiSTRI2281	WGS	GENOMIC	RANDOM	PAIRED	ILLUMINA	Illumina HiSeq 4000	Paired-end whole-genome resequencing; reads are submitted without filename-indicated trimming.	fastq	K202_USPD16082431-7_H3KCCCCXY_L4_1.fq.gz	K202_USPD16082431-7_H3KCCCCXY_L4_2.fq.gz
hydaraSR205	hydaraSR205	Paired-end whole-genome sequencing of Heliconius erato specimen hydaraSR205	WGS	GENOMIC	RANDOM	PAIRED	ILLUMINA	Illumina HiSeq 4000	Paired-end whole-genome resequencing; reads were adapter- and quality-trimmed before submission.	fastq	hydaraSR205_trim_1.fq.gz	hydaraSR205_trim_2.fq.gz
burchelliSR280	burchelliSR280	Paired-end whole-genome sequencing of Heliconius melpomene specimen burchelliSR280	WGS	GENOMIC	RANDOM	PAIRED	ILLUMINA	Illumina HiSeq 4000	Paired-end whole-genome resequencing; reads were adapter- and quality-trimmed before submission.	fastq	burchelliSR280_trim_1.fq.gz	burchelliSR280_trim_2.fq.gz
burchelliSR282	burchelliSR282	Paired-end whole-genome sequencing of Heliconius melpomene specimen burchelliSR282	WGS	GENOMIC	RANDOM	PAIRED	ILLUMINA	Illumina HiSeq 4000	Paired-end whole-genome resequencing; reads were adapter- and quality-trimmed before submission.	fastq	burchelliSR282_trim_1.fq.gz	burchelliSR282_trim_2.fq.gz
burchelliSR393	burchelliSR393	Paired-end whole-genome sequencing of Heliconius melpomene specimen burchelliSR393	WGS	GENOMIC	RANDOM	PAIRED	ILLUMINA	Illumina HiSeq 4000	Paired-end whole-genome resequencing; reads were adapter- and quality-trimmed before submission.	fastq	burchelliSR393_trim_1.fq.gz	burchelliSR393_trim_2.fq.gz
penelopeSR357	penelopeSR357	Paired-end whole-genome sequencing of Heliconius melpomene specimen penelopeSR357	WGS	GENOMIC	RANDOM	PAIRED	ILLUMINA	Illumina HiSeq 4000	Paired-end whole-genome resequencing; reads were adapter- and quality-trimmed before submission.	fastq	penelopeSR357_trim_1.fq.gz	penelopeSR357_trim_2.fq.gz
penelopeSR361	penelopeSR361	Paired-end whole-genome sequencing of Heliconius melpomene specimen penelopeSR361	WGS	GENOMIC	RANDOM	PAIRED	ILLUMINA	Illumina HiSeq 4000	Paired-end whole-genome resequencing; reads were adapter- and quality-trimmed before submission.	fastq	penelopeSR361_trim_1.fq.gz	penelopeSR361_trim_2.fq.gz
penelopeSR370	penelopeSR370	Paired-end whole-genome sequencing of Heliconius melpomene specimen penelopeSR370	WGS	GENOMIC	RANDOM	PAIRED	ILLUMINA	Illumina HiSeq 4000	Paired-end whole-genome resequencing; reads were adapter- and quality-trimmed before submission.	fastq	penelopeSR370_trim_1.fq.gz	penelopeSR370_trim_2.fq.gz
penelopeSR381	penelopeSR381	Paired-end whole-genome sequencing of Heliconius melpomene specimen penelopeSR381	WGS	GENOMIC	RANDOM	PAIRED	ILLUMINA	Illumina HiSeq 4000	Paired-end whole-genome resequencing; reads were adapter- and quality-trimmed before submission.	fastq	penelopeSR381_trim_1.fq.gz	penelopeSR381_trim_2.fq.gz
melpomeneKK645	melpomeneKK645	Paired-end whole-genome sequencing of Heliconius melpomene specimen melpomeneKK645	WGS	GENOMIC	RANDOM	PAIRED	ILLUMINA	Illumina HiSeq 4000	Paired-end whole-genome resequencing; reads were adapter- and quality-trimmed before submission.	fastq	melpomeneKK645_trim_1.fq.gz	melpomeneKK645_trim_2.fq.gz
merianaxmelpomeneKK644	merianaxmelpomeneKK644	Paired-end whole-genome sequencing of Heliconius melpomene specimen merianaxmelpomeneKK644	WGS	GENOMIC	RANDOM	PAIRED	ILLUMINA	Illumina HiSeq 4000	Paired-end whole-genome resequencing; reads were adapter- and quality-trimmed before submission.	fastq	merianaxmelpomeneKK644_trim_1.fq.gz	merianaxmelpomeneKK644_trim_2.fq.gz
martinaeM1239	martinaeM1239	Paired-end whole-genome sequencing of Heliconius melpomene specimen martinaeM1239	WGS	GENOMIC	RANDOM	PAIRED	ILLUMINA	Illumina HiSeq 2500	Paired-end whole-genome resequencing; reads are submitted without filename-indicated trimming.	fastq	M1239_KD17030567-AK70_HJMFWALXX_L7_1.fq.gz	M1239_KD17030567-AK70_HJMFWALXX_L7_2.fq.gz
martinaeM1240	martinaeM1240	Paired-end whole-genome sequencing of Heliconius melpomene specimen martinaeM1240	WGS	GENOMIC	RANDOM	PAIRED	ILLUMINA	Illumina HiSeq 2500	Paired-end whole-genome resequencing; reads are submitted without filename-indicated trimming.	fastq	M1240_KD17030568-AK69_HJMFWALXX_L8_1.fq.gz	M1240_KD17030568-AK69_HJMFWALXX_L8_2.fq.gz
martinaeM2943	martinaeM2943	Paired-end whole-genome sequencing of Heliconius melpomene specimen martinaeM2943	WGS	GENOMIC	RANDOM	PAIRED	ILLUMINA	Illumina HiSeq 2500	Paired-end whole-genome resequencing; reads are submitted without filename-indicated trimming.	fastq	M2943_KD17030568-AK70_HJMFWALXX_L8_1.fq.gz	M2943_KD17030568-AK70_HJMFWALXX_L8_2.fq.gz
martinaeM2945	martinaeM2945	Paired-end whole-genome sequencing of Heliconius melpomene specimen martinaeM2945	WGS	GENOMIC	RANDOM	PAIRED	ILLUMINA	Illumina HiSeq 2500	Paired-end whole-genome resequencing; reads are submitted without filename-indicated trimming.	fastq	M2945_KD17030567-AK69_HJMFWALXX_L7_1.fq.gz	M2945_KD17030567-AK69_HJMFWALXX_L7_2.fq.gz
martinaeM3085	martinaeM3085	Paired-end whole-genome sequencing of Heliconius melpomene specimen martinaeM3085	WGS	GENOMIC	RANDOM	PAIRED	ILLUMINA	Illumina HiSeq 2500	Paired-end whole-genome resequencing; reads are submitted without filename-indicated trimming.	fastq	M3085_KD17030569-AK70_HH2N7ALXX_L5_1.fq.gz	M3085_KD17030569-AK70_HH2N7ALXX_L5_2.fq.gz
melpomeneBN003	melpomeneBN003	Paired-end whole-genome sequencing of Heliconius melpomene specimen melpomeneBN003	WGS	GENOMIC	RANDOM	PAIRED	ILLUMINA	Illumina HiSeq 2500	Paired-end whole-genome resequencing; reads are submitted without filename-indicated trimming.	fastq	HmBN003_KD17030569-AK69_HH2N7ALXX_L5_1.fq.gz	HmBN003_KD17030569-AK69_HH2N7ALXX_L5_2.fq.gz
melpomeneBN004	melpomeneBN004	Paired-end whole-genome sequencing of Heliconius melpomene specimen melpomeneBN004	WGS	GENOMIC	RANDOM	PAIRED	ILLUMINA	Illumina HiSeq 2500	Paired-end whole-genome resequencing; reads are submitted without filename-indicated trimming.	fastq	HmBN004_KD17030569-AK68_HH2N7ALXX_L5_1.fq.gz	HmBN004_KD17030569-AK68_HH2N7ALXX_L5_2.fq.gz
melpomeneSTRI350	melpomeneSTRI350	Paired-end whole-genome sequencing of Heliconius melpomene specimen melpomeneSTRI350	WGS	GENOMIC	RANDOM	PAIRED	ILLUMINA	Illumina HiSeq 4000	Paired-end whole-genome resequencing; reads were adapter- and quality-trimmed before submission.	fastq	melpomeneSTRI350_trim_1.fq.gz	melpomeneSTRI350_trim_2.fq.gz
melpomeneSTRI351	melpomeneSTRI351	Paired-end whole-genome sequencing of Heliconius melpomene specimen melpomeneSTRI351	WGS	GENOMIC	RANDOM	PAIRED	ILLUMINA	Illumina HiSeq 4000	Paired-end whole-genome resequencing; reads were adapter- and quality-trimmed before submission.	fastq	melpomeneSTRI351_trim_1.fq.gz	melpomeneSTRI351_trim_2.fq.gz
melpomeneSTRI352	melpomeneSTRI352	Paired-end whole-genome sequencing of Heliconius melpomene specimen melpomeneSTRI352	WGS	GENOMIC	RANDOM	PAIRED	ILLUMINA	Illumina HiSeq 4000	Paired-end whole-genome resequencing; reads were adapter- and quality-trimmed before submission.	fastq	melpomeneSTRI352_trim_1.fq.gz	melpomeneSTRI352_trim_2.fq.gz
plesseniSTRI459	plesseniSTRI459	Paired-end whole-genome sequencing of Heliconius melpomene specimen plesseniSTRI459	WGS	GENOMIC	RANDOM	PAIRED	ILLUMINA	Illumina HiSeq 4000	Paired-end whole-genome resequencing; reads were adapter- and quality-trimmed before submission.	fastq	plesseniSTRI459_trim_1.fq.gz	plesseniSTRI459_trim_2.fq.gz
plesseniSTRI460	plesseniSTRI460	Paired-end whole-genome sequencing of Heliconius melpomene specimen plesseniSTRI460	WGS	GENOMIC	RANDOM	PAIRED	ILLUMINA	Illumina HiSeq 4000	Paired-end whole-genome resequencing; reads were adapter- and quality-trimmed before submission.	fastq	plesseniSTRI460_trim_1.fq.gz	plesseniSTRI460_trim_2.fq.gz
burchelliKK117	burchelliKK117	Paired-end whole-genome sequencing of Heliconius melpomene specimen burchelliKK117	WGS	GENOMIC	RANDOM	PAIRED	ILLUMINA	Illumina HiSeq 2500	Paired-end whole-genome resequencing; reads are submitted without filename-indicated trimming.	fastq	KK117_KD17030567-12_HJMFWALXX_L7_1.fq.gz	KK117_KD17030567-12_HJMFWALXX_L7_2.fq.gz
schunkeiKK566	schunkeiKK566	Paired-end whole-genome sequencing of Heliconius melpomene specimen schunkeiKK566	WGS	GENOMIC	RANDOM	PAIRED	ILLUMINA	Illumina HiSeq 4000	Paired-end whole-genome resequencing; reads were adapter- and quality-trimmed before submission.	fastq	schunkeiKK566_trim_1.fq.gz	schunkeiKK566_trim_2.fq.gz
burchelliKK119	burchelliKK119	Paired-end whole-genome sequencing of Heliconius melpomene specimen burchelliKK119	WGS	GENOMIC	RANDOM	PAIRED	ILLUMINA	Illumina HiSeq 2500	Paired-end whole-genome resequencing; reads are submitted without filename-indicated trimming.	fastq	KK119_KD17030569-7_HH2N7ALXX_L5_1.fq.gz	KK119_KD17030569-7_HH2N7ALXX_L5_2.fq.gz
burchelliMRC01	burchelliMRC01	Paired-end whole-genome sequencing of Heliconius melpomene specimen burchelliMRC01	WGS	GENOMIC	RANDOM	PAIRED	ILLUMINA	Illumina HiSeq 4000	Paired-end whole-genome resequencing; reads were adapter- and quality-trimmed before submission.	fastq	burchelliMRC01_trim_1.fq.gz	burchelliMRC01_trim_2.fq.gz
burchelliMRC02	burchelliMRC02	Paired-end whole-genome sequencing of Heliconius melpomene specimen burchelliMRC02	WGS	GENOMIC	RANDOM	PAIRED	ILLUMINA	Illumina HiSeq 4000	Paired-end whole-genome resequencing; reads were adapter- and quality-trimmed before submission.	fastq	burchelliMRC02_trim_1.fq.gz	burchelliMRC02_trim_2.fq.gz
burchelliMRC03	burchelliMRC03	Paired-end whole-genome sequencing of Heliconius melpomene specimen burchelliMRC03	WGS	GENOMIC	RANDOM	PAIRED	ILLUMINA	Illumina HiSeq 4000	Paired-end whole-genome resequencing; reads were adapter- and quality-trimmed before submission.	fastq	burchelliMRC03_trim_1.fq.gz	burchelliMRC03_trim_2.fq.gz
intersectus16HE040	intersectus16HE040	Paired-end whole-genome sequencing of Heliconius melpomene specimen intersectus16HE040	WGS	GENOMIC	RANDOM	PAIRED	ILLUMINA	Illumina HiSeq 4000	Paired-end whole-genome resequencing; reads were adapter- and quality-trimmed before submission.	fastq	Marajo16HE040_trim_1.fq.gz	Marajo16HE040_trim_2.fq.gz
intersectus16HE041	intersectus16HE041	Paired-end whole-genome sequencing of Heliconius melpomene specimen intersectus16HE041	WGS	GENOMIC	RANDOM	PAIRED	ILLUMINA	Illumina HiSeq 4000	Paired-end whole-genome resequencing; reads were adapter- and quality-trimmed before submission.	fastq	Marajo16HE041_trim_1.fq.gz	Marajo16HE041_trim_2.fq.gz
intersectus16HE044	intersectus16HE044	Paired-end whole-genome sequencing of Heliconius melpomene specimen intersectus16HE044	WGS	GENOMIC	RANDOM	PAIRED	ILLUMINA	Illumina HiSeq 4000	Paired-end whole-genome resequencing; reads were adapter- and quality-trimmed before submission.	fastq	Marajo16HE044_trim_1.fq.gz	Marajo16HE044_trim_2.fq.gz
intersectusKK180	intersectusKK180	Paired-end whole-genome sequencing of Heliconius melpomene specimen intersectusKK180	WGS	GENOMIC	RANDOM	PAIRED	ILLUMINA	Illumina HiSeq 2500	Paired-end whole-genome resequencing; reads are submitted without filename-indicated trimming.	fastq	KK180_KD17030567-7_HJMFWALXX_L7_1.fq.gz	KK180_KD17030567-7_HJMFWALXX_L7_2.fq.gz
intersectusKK215	intersectusKK215	Paired-end whole-genome sequencing of Heliconius melpomene specimen intersectusKK215	WGS	GENOMIC	RANDOM	PAIRED	ILLUMINA	Illumina HiSeq 2500	Paired-end whole-genome resequencing; reads are submitted without filename-indicated trimming.	fastq	KK215_KD17030568-7_HJMFWALXX_L8_1.fq.gz	KK215_KD17030568-7_HJMFWALXX_L8_2.fq.gz
intersectusKK292	intersectusKK292	Paired-end whole-genome sequencing of Heliconius melpomene specimen intersectusKK292	WGS	GENOMIC	RANDOM	PAIRED	ILLUMINA	Illumina HiSeq 2500	Paired-end whole-genome resequencing; reads are submitted without filename-indicated trimming.	fastq	KK292_KD17030569-6_HH2N7ALXX_L5_1.fq.gz	KK292_KD17030569-6_HH2N7ALXX_L5_2.fq.gz
melpomeneKK125	melpomeneKK125	Paired-end whole-genome sequencing of Heliconius melpomene specimen melpomeneKK125	WGS	GENOMIC	RANDOM	PAIRED	ILLUMINA	Illumina HiSeq 2500	Paired-end whole-genome resequencing; reads are submitted without filename-indicated trimming.	fastq	KK125_KD17030567-AK71_HJMFWALXX_L7_1.fq.gz	KK125_KD17030567-AK71_HJMFWALXX_L7_2.fq.gz
melpomeneKK126	melpomeneKK126	Paired-end whole-genome sequencing of Heliconius melpomene specimen melpomeneKK126	WGS	GENOMIC	RANDOM	PAIRED	ILLUMINA	Illumina HiSeq 2500	Paired-end whole-genome resequencing; reads are submitted without filename-indicated trimming.	fastq	KK126_KD17030568-AK71_HJMFWALXX_L8_1.fq.gz	KK126_KD17030568-AK71_HJMFWALXX_L8_2.fq.gz
thelxiopeKK156	thelxiopeKK156	Paired-end whole-genome sequencing of Heliconius melpomene specimen thelxiopeKK156	WGS	GENOMIC	RANDOM	PAIRED	ILLUMINA	Illumina HiSeq 2500	Paired-end whole-genome resequencing; reads are submitted without filename-indicated trimming.	fastq	KK156_KD17030568-5_HJMFWALXX_L8_1.fq.gz	KK156_KD17030568-5_HJMFWALXX_L8_2.fq.gz
thelxiopeKK157	thelxiopeKK157	Paired-end whole-genome sequencing of Heliconius melpomene specimen thelxiopeKK157	WGS	GENOMIC	RANDOM	PAIRED	ILLUMINA	Illumina HiSeq 2500	Paired-end whole-genome resequencing; reads are submitted without filename-indicated trimming.	fastq	KK157_KD17030568-6_HJMFWALXX_L8_1.fq.gz	KK157_KD17030568-6_HJMFWALXX_L8_2.fq.gz
thelxiopeKK158	thelxiopeKK158	Paired-end whole-genome sequencing of Heliconius melpomene specimen thelxiopeKK158	WGS	GENOMIC	RANDOM	PAIRED	ILLUMINA	Illumina HiSeq 2500	Paired-end whole-genome resequencing; reads are submitted without filename-indicated trimming.	fastq	KK158_KD17030567-5_HJMFWALXX_L7_1.fq.gz	KK158_KD17030567-5_HJMFWALXX_L7_2.fq.gz
thelxiopeKK231	thelxiopeKK231	Paired-end whole-genome sequencing of Heliconius melpomene specimen thelxiopeKK231	WGS	GENOMIC	RANDOM	PAIRED	ILLUMINA	Illumina HiSeq 2500	Paired-end whole-genome resequencing; reads are submitted without filename-indicated trimming.	fastq	KK231_KD17030567-6_HJMFWALXX_L7_1.fq.gz	KK231_KD17030567-6_HJMFWALXX_L7_2.fq.gz
thelxiopeKK290	thelxiopeKK290	Paired-end whole-genome sequencing of Heliconius melpomene specimen thelxiopeKK290	WGS	GENOMIC	RANDOM	PAIRED	ILLUMINA	Illumina HiSeq 2500	Paired-end whole-genome resequencing; reads are submitted without filename-indicated trimming.	fastq	KK290_KD17030568-4_HJMFWALXX_L8_1.fq.gz	KK290_KD17030568-4_HJMFWALXX_L8_2.fq.gz
thelxiopeKK294	thelxiopeKK294	Paired-end whole-genome sequencing of Heliconius melpomene specimen thelxiopeKK294	WGS	GENOMIC	RANDOM	PAIRED	ILLUMINA	Illumina HiSeq 2500	Paired-end whole-genome resequencing; reads are submitted without filename-indicated trimming.	fastq	KK294_KD17030567-4_HJMFWALXX_L7_1.fq.gz	KK294_KD17030567-4_HJMFWALXX_L7_2.fq.gz
malletiMAN314	malletiMAN314	Paired-end whole-genome sequencing of Heliconius melpomene specimen malletiMAN314	WGS	GENOMIC	RANDOM	PAIRED	ILLUMINA	Illumina HiSeq 4000	Paired-end whole-genome resequencing; reads were adapter- and quality-trimmed before submission.	fastq	malletiMAN314_trim_1.fq.gz	malletiMAN314_trim_2.fq.gz
melpomeneSR169	melpomeneSR169	Paired-end whole-genome sequencing of Heliconius melpomene specimen melpomeneSR169	WGS	GENOMIC	RANDOM	PAIRED	ILLUMINA	Illumina HiSeq 4000	Paired-end whole-genome resequencing; reads were adapter- and quality-trimmed before submission.	fastq	melpomeneSR169_trim_1.fq.gz	melpomeneSR169_trim_2.fq.gz
melpomeneSR170	melpomeneSR170	Paired-end whole-genome sequencing of Heliconius melpomene specimen melpomeneSR170	WGS	GENOMIC	RANDOM	PAIRED	ILLUMINA	Illumina HiSeq 4000	Paired-end whole-genome resequencing; reads were adapter- and quality-trimmed before submission.	fastq	melpomeneSR170_trim_1.fq.gz	melpomeneSR170_trim_2.fq.gz
melpomeneSR173	melpomeneSR173	Paired-end whole-genome sequencing of Heliconius melpomene specimen melpomeneSR173	WGS	GENOMIC	RANDOM	PAIRED	ILLUMINA	Illumina HiSeq 4000	Paired-end whole-genome resequencing; reads were adapter- and quality-trimmed before submission.	fastq	melpomeneSR173_trim_1.fq.gz	melpomeneSR173_trim_2.fq.gz
melpomeneSR180	melpomeneSR180	Paired-end whole-genome sequencing of Heliconius melpomene specimen melpomeneSR180	WGS	GENOMIC	RANDOM	PAIRED	ILLUMINA	Illumina HiSeq 4000	Paired-end whole-genome resequencing; reads were adapter- and quality-trimmed before submission.	fastq	melpomeneSR180_trim_1.fq.gz	melpomeneSR180_trim_2.fq.gz
madeiraSR110	madeiraSR110	Paired-end whole-genome sequencing of Heliconius melpomene specimen madeiraSR110	WGS	GENOMIC	RANDOM	PAIRED	ILLUMINA	Illumina HiSeq 4000	Paired-end whole-genome resequencing; reads were adapter- and quality-trimmed before submission.	fastq	madeiraSR110_trim_1.fq.gz	madeiraSR110_trim_2.fq.gz
madeiraSR130	madeiraSR130	Paired-end whole-genome sequencing of Heliconius melpomene specimen madeiraSR130	WGS	GENOMIC	RANDOM	PAIRED	ILLUMINA	Illumina HiSeq 4000	Paired-end whole-genome resequencing; reads were adapter- and quality-trimmed before submission.	fastq	madeiraSR130_trim_1.fq.gz	madeiraSR130_trim_2.fq.gz
madeiraSR133	madeiraSR133	Paired-end whole-genome sequencing of Heliconius melpomene specimen madeiraSR133	WGS	GENOMIC	RANDOM	PAIRED	ILLUMINA	Illumina HiSeq 4000	Paired-end whole-genome resequencing; reads were adapter- and quality-trimmed before submission.	fastq	madeiraSR133_trim_1.fq.gz	madeiraSR133_trim_2.fq.gz
madeiraSR5	madeiraSR5	Paired-end whole-genome sequencing of Heliconius melpomene specimen madeiraSR5	WGS	GENOMIC	RANDOM	PAIRED	ILLUMINA	Illumina HiSeq 4000	Paired-end whole-genome resequencing; reads were adapter- and quality-trimmed before submission.	fastq	madeiraSR5_trim_1.fq.gz	madeiraSR5_trim_2.fq.gz
euryadesKK509	euryadesKK509	Paired-end whole-genome sequencing of Heliconius melpomene specimen euryadesKK509	WGS	GENOMIC	RANDOM	PAIRED	ILLUMINA	Illumina HiSeq 2500	Paired-end whole-genome resequencing; reads are submitted without filename-indicated trimming.	fastq	KK509_KD17030569-AK66_HH2N7ALXX_L5_1.fq.gz	KK509_KD17030569-AK66_HH2N7ALXX_L5_2.fq.gz
schunkeiKK542	schunkeiKK542	Paired-end whole-genome sequencing of Heliconius melpomene specimen schunkeiKK542	WGS	GENOMIC	RANDOM	PAIRED	ILLUMINA	Illumina HiSeq 4000	Paired-end whole-genome resequencing; reads were adapter- and quality-trimmed before submission.	fastq	schunkeiKK542_trim_1.fq.gz	schunkeiKK542_trim_2.fq.gz
schunkeiKK543	schunkeiKK543	Paired-end whole-genome sequencing of Heliconius melpomene specimen schunkeiKK543	WGS	GENOMIC	RANDOM	PAIRED	ILLUMINA	Illumina HiSeq 4000	Paired-end whole-genome resequencing; reads were adapter- and quality-trimmed before submission.	fastq	schunkeiKK543_trim_1.fq.gz	schunkeiKK543_trim_2.fq.gz
schunkeiKK564	schunkeiKK564	Paired-end whole-genome sequencing of Heliconius melpomene specimen schunkeiKK564	WGS	GENOMIC	RANDOM	PAIRED	ILLUMINA	Illumina HiSeq 4000	Paired-end whole-genome resequencing; reads were adapter- and quality-trimmed before submission.	fastq	schunkeiKK564_trim_1.fq.gz	schunkeiKK564_trim_2.fq.gz
xenocleaKK300	xenocleaKK300	Paired-end whole-genome sequencing of Heliconius melpomene specimen xenocleaKK300	WGS	GENOMIC	RANDOM	PAIRED	ILLUMINA	Illumina HiSeq 2500	Paired-end whole-genome resequencing; reads are submitted without filename-indicated trimming.	fastq	KK300_KD17030568-12_HJMFWALXX_L8_1.fq.gz	KK300_KD17030568-12_HJMFWALXX_L8_2.fq.gz
xenocleaKK301	xenocleaKK301	Paired-end whole-genome sequencing of Heliconius melpomene specimen xenocleaKK301	WGS	GENOMIC	RANDOM	PAIRED	ILLUMINA	Illumina HiSeq 2500	Paired-end whole-genome resequencing; reads are submitted without filename-indicated trimming.	fastq	KK301_KD17030568-AK66_HJMFWALXX_L8_1.fq.gz	KK301_KD17030568-AK66_HJMFWALXX_L8_2.fq.gz
thelxiopeKK101	thelxiopeKK101	Paired-end whole-genome sequencing of Heliconius melpomene specimen thelxiopeKK101	WGS	GENOMIC	RANDOM	PAIRED	ILLUMINA	Illumina HiSeq 2500	Paired-end whole-genome resequencing; reads are submitted without filename-indicated trimming.	fastq	KK101_KD17030569-4_HH2N7ALXX_L5_1.fq.gz	KK101_KD17030569-4_HH2N7ALXX_L5_2.fq.gz
thelxiopeKK174	thelxiopeKK174	Paired-end whole-genome sequencing of Heliconius melpomene specimen thelxiopeKK174	WGS	GENOMIC	RANDOM	PAIRED	ILLUMINA	Illumina HiSeq 2500	Paired-end whole-genome resequencing; reads are submitted without filename-indicated trimming.	fastq	KK174_KD17030569-2_HH2N7ALXX_L5_1.fq.gz	KK174_KD17030569-2_HH2N7ALXX_L5_2.fq.gz
thelxiopeKK175	thelxiopeKK175	Paired-end whole-genome sequencing of Heliconius melpomene specimen thelxiopeKK175	WGS	GENOMIC	RANDOM	PAIRED	ILLUMINA	Illumina HiSeq 2500	Paired-end whole-genome resequencing; reads are submitted without filename-indicated trimming.	fastq	KK175_KD17030568-2_HJMFWALXX_L8_1.fq.gz	KK175_KD17030568-2_HJMFWALXX_L8_2.fq.gz
xenocleaKK310	xenocleaKK310	Paired-end whole-genome sequencing of Heliconius melpomene specimen xenocleaKK310	WGS	GENOMIC	RANDOM	PAIRED	ILLUMINA	Illumina HiSeq 2500	Paired-end whole-genome resequencing; reads are submitted without filename-indicated trimming.	fastq	KK310_KD17030569-12_HH2N7ALXX_L5_1.fq.gz	KK310_KD17030569-12_HH2N7ALXX_L5_2.fq.gz
xenocleaKK311	xenocleaKK311	Paired-end whole-genome sequencing of Heliconius melpomene specimen xenocleaKK311	WGS	GENOMIC	RANDOM	PAIRED	ILLUMINA	Illumina HiSeq 2500	Paired-end whole-genome resequencing; reads are submitted without filename-indicated trimming.	fastq	KK311_KD17030567-AK66_HJMFWALXX_L7_1.fq.gz	KK311_KD17030567-AK66_HJMFWALXX_L7_2.fq.gz
xenocleaKK312	xenocleaKK312	Paired-end whole-genome sequencing of Heliconius melpomene specimen xenocleaKK312	WGS	GENOMIC	RANDOM	PAIRED	ILLUMINA	Illumina HiSeq 2500	Paired-end whole-genome resequencing; reads are submitted without filename-indicated trimming.	fastq	KK312_KD17030562-7_HJMFWALXX_L2_1.fq.gz	KK312_KD17030562-7_HJMFWALXX_L2_2.fq.gz
xenocleaKK349	xenocleaKK349	Paired-end whole-genome sequencing of Heliconius melpomene specimen xenocleaKK349	WGS	GENOMIC	RANDOM	PAIRED	ILLUMINA	Illumina HiSeq 2500	Paired-end whole-genome resequencing; reads are submitted without filename-indicated trimming.	fastq	KK349_KD17030568-AK67_HJMFWALXX_L8_1.fq.gz	KK349_KD17030568-AK67_HJMFWALXX_L8_2.fq.gz
