sample_name	sample_title	organism	isolate	subspecies	collection_date	geo_loc_name	lat_lon	tissue	sex	isolation_source	description
petiveranaKK722	Whole-genome sequencing of Heliconius erato specimen petiveranaKK722	Heliconius erato	petiveranaKK722	petiverana	missing	Belize: San Ignacio	17.154933 N 89.082636 W	thorax or abdomen	male	wild-caught butterfly specimen	Specimen included in the Heliconius population-structure study; source metadata table: metadata/erato_metadata.tsv.
petiveranaSTRI2936	Whole-genome sequencing of Heliconius erato specimen petiveranaSTRI2936	Heliconius erato	petiveranaSTRI2936	petiverana	missing	Costa Rica: La Selva	10.45075 N 84 W	thorax or abdomen	male	wild-caught butterfly specimen	Specimen included in the Heliconius population-structure study; source metadata table: metadata/erato_metadata.tsv.
petiveranaSTRI2942	Whole-genome sequencing of Heliconius erato specimen petiveranaSTRI2942	Heliconius erato	petiveranaSTRI2942	petiverana	missing	Costa Rica: La Selva	10.45075 N 84 W	thorax or abdomen	female	wild-caught butterfly specimen	Specimen included in the Heliconius population-structure study; source metadata table: metadata/erato_metadata.tsv.
petiveranaSTRI2944	Whole-genome sequencing of Heliconius erato specimen petiveranaSTRI2944	Heliconius erato	petiveranaSTRI2944	petiverana	missing	Costa Rica: La Selva	10.45075 N 84 W	thorax or abdomen	male	wild-caught butterfly specimen	Specimen included in the Heliconius population-structure study; source metadata table: metadata/erato_metadata.tsv.
petiveranaSTRI2945	Whole-genome sequencing of Heliconius erato specimen petiveranaSTRI2945	Heliconius erato	petiveranaSTRI2945	petiverana	missing	Costa Rica: La Selva	10.45075 N 84 W	thorax or abdomen	male	wild-caught butterfly specimen	Specimen included in the Heliconius population-structure study; source metadata table: metadata/erato_metadata.tsv.
petiveranaSTRI2943	Whole-genome sequencing of Heliconius erato specimen petiveranaSTRI2943	Heliconius erato	petiveranaSTRI2943	petiverana	missing	Costa Rica: La Selva	10.45075 N 84 W	thorax or abdomen	male	wild-caught butterfly specimen	Specimen included in the Heliconius population-structure study; source metadata table: metadata/erato_metadata.tsv.
himeraTT7	Whole-genome sequencing of Heliconius himera specimen himeraTT7	Heliconius himera	himeraTT7	himera	missing	Ecuador: Vilcabamba	4.273096 S 79.196629 W	thorax or abdomen	male	wild-caught butterfly specimen	Specimen included in the Heliconius population-structure study; source metadata table: metadata/erato_metadata.tsv.
himeraTT3	Whole-genome sequencing of Heliconius himera specimen himeraTT3	Heliconius himera	himeraTT3	himera	missing	Ecuador: Vilcabamba	4.273096 S 79.196629 W	thorax or abdomen	male	wild-caught butterfly specimen	Specimen included in the Heliconius population-structure study; source metadata table: metadata/erato_metadata.tsv.
himeraTT5	Whole-genome sequencing of Heliconius himera specimen himeraTT5	Heliconius himera	himeraTT5	himera	missing	Ecuador: Vilcabamba	4.273096 S 79.196629 W	thorax or abdomen	male	wild-caught butterfly specimen	Specimen included in the Heliconius population-structure study; source metadata table: metadata/erato_metadata.tsv.
himeraTT8	Whole-genome sequencing of Heliconius himera specimen himeraTT8	Heliconius himera	himeraTT8	himera	missing	Ecuador: Vilcabamba	4.273096 S 79.196629 W	thorax or abdomen	male	wild-caught butterfly specimen	Specimen included in the Heliconius population-structure study; source metadata table: metadata/erato_metadata.tsv.
himeraTT4	Whole-genome sequencing of Heliconius himera specimen himeraTT4	Heliconius himera	himeraTT4	himera	missing	Ecuador: Vilcabamba	4.273096 S 79.196629 W	thorax or abdomen	male	wild-caught butterfly specimen	Specimen included in the Heliconius population-structure study; source metadata table: metadata/erato_metadata.tsv.
himeraSTRI2022	Whole-genome sequencing of Heliconius himera specimen himeraSTRI2022	Heliconius himera	himeraSTRI2022	himera	missing	Ecuador: Vilcabamba	4.273096 S 79.196629 W	thorax or abdomen	male	wild-caught butterfly specimen	Specimen included in the Heliconius population-structure study; source metadata table: metadata/erato_metadata.tsv.
himeraTT6	Whole-genome sequencing of Heliconius himera specimen himeraTT6	Heliconius himera	himeraTT6	himera	missing	Ecuador: Vilcabamba	4.273096 S 79.196629 W	thorax or abdomen	male	wild-caught butterfly specimen	Specimen included in the Heliconius population-structure study; source metadata table: metadata/erato_metadata.tsv.
himeraSTRI2023	Whole-genome sequencing of Heliconius himera specimen himeraSTRI2023	Heliconius himera	himeraSTRI2023	himera	missing	Ecuador: Vilcabamba	4.273096 S 79.196629 W	thorax or abdomen	male	wild-caught butterfly specimen	Specimen included in the Heliconius population-structure study; source metadata table: metadata/erato_metadata.tsv.
himeraSTRI2015	Whole-genome sequencing of Heliconius himera specimen himeraSTRI2015	Heliconius himera	himeraSTRI2015	himera	missing	Ecuador: Vilcabamba	4.273096 S 79.196629 W	thorax or abdomen	female	wild-caught butterfly specimen	Specimen included in the Heliconius population-structure study; source metadata table: metadata/erato_metadata.tsv.
himeraTT2	Whole-genome sequencing of Heliconius himera specimen himeraTT2	Heliconius himera	himeraTT2	himera	missing	Ecuador: Vilcabamba	4.273096 S 79.196629 W	thorax or abdomen	male	wild-caught butterfly specimen	Specimen included in the Heliconius population-structure study; source metadata table: metadata/erato_metadata.tsv.
phyllisSR240	Whole-genome sequencing of Heliconius erato specimen phyllisSR240	Heliconius erato	phyllisSR240	phyllis	missing	missing	missing	thorax or abdomen	missing	wild-caught butterfly specimen	Specimen included in the Heliconius population-structure study; source metadata table: metadata/erato_metadata.tsv.
guaricaM3375	Whole-genome sequencing of Heliconius erato specimen guaricaM3375	Heliconius erato	guaricaM3375	guarica	missing	Colombia: Mocoa	1.148888889 N 76.73258611 W	thorax or abdomen	female	wild-caught butterfly specimen	Specimen included in the Heliconius population-structure study; source metadata table: metadata/erato_metadata.tsv.
guaricaM3121	Whole-genome sequencing of Heliconius erato specimen guaricaM3121	Heliconius erato	guaricaM3121	guarica	missing	Colombia: Mocoa	1.148888889 N 76.73258611 W	thorax or abdomen	male	wild-caught butterfly specimen	Specimen included in the Heliconius population-structure study; source metadata table: metadata/erato_metadata.tsv.
guaricaM3125	Whole-genome sequencing of Heliconius erato specimen guaricaM3125	Heliconius erato	guaricaM3125	guarica	missing	Colombia: Mocoa	1.148888889 N 76.73258611 W	thorax or abdomen	male	wild-caught butterfly specimen	Specimen included in the Heliconius population-structure study; source metadata table: metadata/erato_metadata.tsv.
guaricaM3428	Whole-genome sequencing of Heliconius erato specimen guaricaM3428	Heliconius erato	guaricaM3428	guarica	missing	Colombia: Mocoa	1.148888889 N 76.73258611 W	thorax or abdomen	female	wild-caught butterfly specimen	Specimen included in the Heliconius population-structure study; source metadata table: metadata/erato_metadata.tsv.
guaricaM3376	Whole-genome sequencing of Heliconius erato specimen guaricaM3376	Heliconius erato	guaricaM3376	guarica	missing	Colombia: Mocoa	1.148888889 N 76.73258611 W	thorax or abdomen	male	wild-caught butterfly specimen	Specimen included in the Heliconius population-structure study; source metadata table: metadata/erato_metadata.tsv.
microcleaKK334	Whole-genome sequencing of Heliconius erato specimen microcleaKK334	Heliconius erato	microcleaKK334	microclea	missing	Peru: Pampa Hermosa	11.0545 S 75.41947 W	thorax or abdomen	female	wild-caught butterfly specimen	Specimen included in the Heliconius population-structure study; source metadata table: metadata/erato_metadata.tsv.
microcleaKK333	Whole-genome sequencing of Heliconius erato specimen microcleaKK333	Heliconius erato	microcleaKK333	microclea	missing	Peru: Pampa Hermosa	11.0545 S 75.41947 W	thorax or abdomen	female	wild-caught butterfly specimen	Specimen included in the Heliconius population-structure study; source metadata table: metadata/erato_metadata.tsv.
emmaKK595	Whole-genome sequencing of Heliconius erato specimen emmaKK595	Heliconius erato	emmaKK595	emma	missing	Peru: Hoatzins	10.374941 S 74.979963 W	thorax or abdomen	male	wild-caught butterfly specimen	Specimen included in the Heliconius population-structure study; source metadata table: metadata/erato_metadata.tsv.
emmaKK403	Whole-genome sequencing of Heliconius erato specimen emmaKK403	Heliconius erato	emmaKK403	emma	missing	Peru: Hoatzins	10.374941 S 74.979963 W	thorax or abdomen	male	wild-caught butterfly specimen	Specimen included in the Heliconius population-structure study; source metadata table: metadata/erato_metadata.tsv.
emmaKK401	Whole-genome sequencing of Heliconius erato specimen emmaKK401	Heliconius erato	emmaKK401	emma	missing	Peru: Hoatzins	10.374941 S 74.979963 W	thorax or abdomen	male	wild-caught butterfly specimen	Specimen included in the Heliconius population-structure study; source metadata table: metadata/erato_metadata.tsv.
emmaKK599	Whole-genome sequencing of Heliconius erato specimen emmaKK599	Heliconius erato	emmaKK599	emma	missing	Peru: Hoatzins	10.374941 S 74.979963 W	thorax or abdomen	male	wild-caught butterfly specimen	Specimen included in the Heliconius population-structure study; source metadata table: metadata/erato_metadata.tsv.
colombinaM4164	Whole-genome sequencing of Heliconius erato specimen colombinaM4164	Heliconius erato	colombinaM4164	colombina	missing	Colombia: Muzo	5.535277778 N 74.10777778 W	thorax or abdomen	male	wild-caught butterfly specimen	Specimen included in the Heliconius population-structure study; source metadata table: metadata/erato_metadata.tsv.
amphitriteKK491	Whole-genome sequencing of Heliconius erato specimen amphitriteKK491	Heliconius erato	amphitriteKK491	amphitrite	missing	Peru: Kiteni	12.64103 S 73.0475 W	thorax or abdomen	female	wild-caught butterfly specimen	Specimen included in the Heliconius population-structure study; source metadata table: metadata/erato_metadata.tsv.
amphitriteKK492	Whole-genome sequencing of Heliconius erato specimen amphitriteKK492	Heliconius erato	amphitriteKK492	amphitrite	missing	Peru: Kiteni	12.64103 S 73.0475 W	thorax or abdomen	female	wild-caught butterfly specimen	Specimen included in the Heliconius population-structure study; source metadata table: metadata/erato_metadata.tsv.
amphitriteKK497	Whole-genome sequencing of Heliconius erato specimen amphitriteKK497	Heliconius erato	amphitriteKK497	amphitrite	missing	Peru: Kiteni	12.64103 S 73.0475 W	thorax or abdomen	male	wild-caught butterfly specimen	Specimen included in the Heliconius population-structure study; source metadata table: metadata/erato_metadata.tsv.
amphitriteKK462	Whole-genome sequencing of Heliconius erato specimen amphitriteKK462	Heliconius erato	amphitriteKK462	amphitrite	missing	Peru: Kiteni	12.60483 S 72.79061 W	thorax or abdomen	male	wild-caught butterfly specimen	Specimen included in the Heliconius population-structure study; source metadata table: metadata/erato_metadata.tsv.
amphitriteKK528	Whole-genome sequencing of Heliconius erato specimen amphitriteKK528	Heliconius erato	amphitriteKK528	amphitrite	missing	Peru: Maranura	12.95495 S 72.65556 W	thorax or abdomen	female	wild-caught butterfly specimen	Specimen included in the Heliconius population-structure study; source metadata table: metadata/erato_metadata.tsv.
amphitriteKK463	Whole-genome sequencing of Heliconius erato specimen amphitriteKK463	Heliconius erato	amphitriteKK463	amphitrite	missing	Peru: Maranura	12.95495 S 72.65556 W	thorax or abdomen	male	wild-caught butterfly specimen	Specimen included in the Heliconius population-structure study; source metadata table: metadata/erato_metadata.tsv.
amphitriteKK520	Whole-genome sequencing of Heliconius erato specimen amphitriteKK520	Heliconius erato	amphitriteKK520	amphitrite	missing	Peru: Maranura	12.95495 S 72.65556 W	thorax or abdomen	male	wild-caught butterfly specimen	Specimen included in the Heliconius population-structure study; source metadata table: metadata/erato_metadata.tsv.
amphitriteKK522	Whole-genome sequencing of Heliconius erato specimen amphitriteKK522	Heliconius erato	amphitriteKK522	amphitrite	missing	Peru: Maranura	12.95495 S 72.65556 W	thorax or abdomen	female	wild-caught butterfly specimen	Specimen included in the Heliconius population-structure study; source metadata table: metadata/erato_metadata.tsv.
hydaraSTRI354	Whole-genome sequencing of Heliconius erato specimen hydaraSTRI354	Heliconius erato	hydaraSTRI354	hydara	missing	Venezuela: Burro Negro	10.176946 N 71.041571 W	thorax or abdomen	female	wild-caught butterfly specimen	Specimen included in the Heliconius population-structure study; source metadata table: metadata/erato_metadata.tsv.
hydaraSTRI359	Whole-genome sequencing of Heliconius erato specimen hydaraSTRI359	Heliconius erato	hydaraSTRI359	hydara	missing	Venezuela: Burro Negro	10.176946 N 71.041571 W	thorax or abdomen	female	wild-caught butterfly specimen	Specimen included in the Heliconius population-structure study; source metadata table: metadata/erato_metadata.tsv.
hydaraHE1	Whole-genome sequencing of Heliconius erato specimen hydaraHE1	Heliconius erato	hydaraHE1	hydara	missing	Venezuela: Burro Negro	10.176946 N 71.041571 W	thorax or abdomen	male	wild-caught butterfly specimen	Specimen included in the Heliconius population-structure study; source metadata table: metadata/erato_metadata.tsv.
hydaraHE2	Whole-genome sequencing of Heliconius erato specimen hydaraHE2	Heliconius erato	hydaraHE2	hydara	missing	Venezuela: Burro Negro	10.176946 N 71.041571 W	thorax or abdomen	female	wild-caught butterfly specimen	Specimen included in the Heliconius population-structure study; source metadata table: metadata/erato_metadata.tsv.
luscombeiKK580	Whole-genome sequencing of Heliconius erato specimen luscombeiKK580	Heliconius erato	luscombeiKK580	luscombei	missing	Peru: Quincemil	13.199994 S 70.765719 W	thorax or abdomen	male	wild-caught butterfly specimen	Specimen included in the Heliconius population-structure study; source metadata table: metadata/erato_metadata.tsv.
luscombeiSTRI5772	Whole-genome sequencing of Heliconius erato specimen luscombeiSTRI5772	Heliconius erato	luscombeiSTRI5772	luscombei	missing	Bolivia: La Senda Verde	16.225617 S 67.7432 W	thorax or abdomen	male	wild-caught butterfly specimen	Specimen included in the Heliconius population-structure study; source metadata table: metadata/erato_metadata.tsv.
venustusSR344	Whole-genome sequencing of Heliconius erato specimen venustusSR344	Heliconius erato	venustusSR344	venustus	missing	Brazil: Pimenteiras do Oeste	13.49434 S 61.07156 W	thorax or abdomen	female	wild-caught butterfly specimen	Specimen included in the Heliconius population-structure study; source metadata table: metadata/erato_metadata.tsv.
venustusSR334	Whole-genome sequencing of Heliconius erato specimen venustusSR334	Heliconius erato	venustusSR334	venustus	missing	Brazil: Pimenteiras do Oeste	13.48673 S 61.02596 W	thorax or abdomen	female	wild-caught butterfly specimen	Specimen included in the Heliconius population-structure study; source metadata table: metadata/erato_metadata.tsv.
reductimaculaTUP317	Whole-genome sequencing of Heliconius erato specimen reductimaculaTUP317	Heliconius erato	reductimaculaTUP317	reductimacula	missing	Brazil: Estrada Tupana	4.320833 S 60.866667 W	thorax or abdomen	male	wild-caught butterfly specimen	Specimen included in the Heliconius population-structure study; source metadata table: metadata/erato_metadata.tsv.
reductimaculaCAR291	Whole-genome sequencing of Heliconius erato specimen reductimaculaCAR291	Heliconius erato	reductimaculaCAR291	reductimacula	missing	Brazil: Estrada Autazes	3.125 S 60.2733 W	thorax or abdomen	male	wild-caught butterfly specimen	Specimen included in the Heliconius population-structure study; source metadata table: metadata/erato_metadata.tsv.
venustusSR354	Whole-genome sequencing of Heliconius erato specimen venustusSR354	Heliconius erato	venustusSR354	venustus	missing	Brazil: Vilhena	12.71048 S 60.11689 W	thorax or abdomen	male	wild-caught butterfly specimen	Specimen included in the Heliconius population-structure study; source metadata table: metadata/erato_metadata.tsv.
venustusSR309	Whole-genome sequencing of Heliconius erato specimen venustusSR309	Heliconius erato	venustusSR309	venustus	missing	Brazil: Vilhena	12.71048 S 60.11689 W	thorax or abdomen	male	wild-caught butterfly specimen	Specimen included in the Heliconius population-structure study; source metadata table: metadata/erato_metadata.tsv.
amalfredaPF320	Whole-genome sequencing of Heliconius erato specimen amalfredaPF320	Heliconius erato	amalfredaPF320	amalfreda	missing	Brazil: Estrada Autazes	2.6875 S 60.066667 W	thorax or abdomen	female	wild-caught butterfly specimen	Specimen included in the Heliconius population-structure study; source metadata table: metadata/erato_metadata.tsv.
hermathenaPF264	Whole-genome sequencing of Heliconius hermathena specimen hermathenaPF264	Heliconius hermathena	hermathenaPF264	sheppardi	missing	Brazil: Cachoeira Iracema (North)	1.9858 S 60.0605 W	thorax or abdomen	female	wild-caught butterfly specimen	Specimen included in the Heliconius population-structure study; source metadata table: metadata/erato_metadata.tsv.
hermathenaPF267	Whole-genome sequencing of Heliconius hermathena specimen hermathenaPF267	Heliconius hermathena	hermathenaPF267	sheppardi	missing	Brazil: Cachoeira Iracema (North)	1.9858 S 60.0605 W	thorax or abdomen	male	wild-caught butterfly specimen	Specimen included in the Heliconius population-structure study; source metadata table: metadata/erato_metadata.tsv.
amalfredaPF322	Whole-genome sequencing of Heliconius erato specimen amalfredaPF322	Heliconius erato	amalfredaPF322	amalfreda	missing	Brazil: Estrada Autazes	2.6875 S 60.05 W	thorax or abdomen	male	wild-caught butterfly specimen	Specimen included in the Heliconius population-structure study; source metadata table: metadata/erato_metadata.tsv.
amalfredaPF269	Whole-genome sequencing of Heliconius erato specimen amalfredaPF269	Heliconius erato	amalfredaPF269	amalfreda	missing	Brazil: Cachoeira Natal	2.1375 S 60.05 W	thorax or abdomen	male	wild-caught butterfly specimen	Specimen included in the Heliconius population-structure study; source metadata table: metadata/erato_metadata.tsv.
amalfredaPF268	Whole-genome sequencing of Heliconius erato specimen amalfredaPF268	Heliconius erato	amalfredaPF268	amalfreda	missing	Brazil: Cachoeira Natal	2.1375 S 60.05 W	thorax or abdomen	male	wild-caught butterfly specimen	Specimen included in the Heliconius population-structure study; source metadata table: metadata/erato_metadata.tsv.
reductimaculaCAR298	Whole-genome sequencing of Heliconius erato specimen reductimaculaCAR298	Heliconius erato	reductimaculaCAR298	reductimacula	missing	Brazil: Estrada Autazes	3.570833 S 59.816667 W	thorax or abdomen	male	wild-caught butterfly specimen	Specimen included in the Heliconius population-structure study; source metadata table: metadata/erato_metadata.tsv.
reductimaculaCAR297	Whole-genome sequencing of Heliconius erato specimen reductimaculaCAR297	Heliconius erato	reductimaculaCAR297	reductimacula	missing	Brazil: Estrada Autazes	3.570833 S 59.816667 W	thorax or abdomen	male	wild-caught butterfly specimen	Specimen included in the Heliconius population-structure study; source metadata table: metadata/erato_metadata.tsv.
phyllisSR300	Whole-genome sequencing of Heliconius erato specimen phyllisSR300	Heliconius erato	phyllisSR300	phyllis	missing	Brazil: Rio Arinos	13.81633 S 56.40316 W	thorax or abdomen	male	wild-caught butterfly specimen	Specimen included in the Heliconius population-structure study; source metadata table: metadata/erato_metadata.tsv.
phyllisSR389	Whole-genome sequencing of Heliconius erato specimen phyllisSR389	Heliconius erato	phyllisSR389	phyllis	missing	Brazil: Rio Arinos	13.81633 S 56.40316 W	thorax or abdomen	male	wild-caught butterfly specimen	Specimen included in the Heliconius population-structure study; source metadata table: metadata/erato_metadata.tsv.
phyllisSR385	Whole-genome sequencing of Heliconius erato specimen phyllisSR385	Heliconius erato	phyllisSR385	phyllis	missing	Brazil: Rio Arinos	13.81633 S 56.40316 W	thorax or abdomen	male	wild-caught butterfly specimen	Specimen included in the Heliconius population-structure study; source metadata table: metadata/erato_metadata.tsv.
phyllisSR284	Whole-genome sequencing of Heliconius erato specimen phyllisSR284	Heliconius erato	phyllisSR284	phyllis	missing	Brazil: Rio Arinos	13.81029 S 56.187 W	thorax or abdomen	male	wild-caught butterfly specimen	Specimen included in the Heliconius population-structure study; source metadata table: metadata/erato_metadata.tsv.
phyllisSR285	Whole-genome sequencing of Heliconius erato specimen phyllisSR285	Heliconius erato	phyllisSR285	phyllis	missing	Brazil: Rio Arinos	13.81029 S 56.187 W	thorax or abdomen	male	wild-caught butterfly specimen	Specimen included in the Heliconius population-structure study; source metadata table: metadata/erato_metadata.tsv.
hermathenaKK254	Whole-genome sequencing of Heliconius hermathena specimen hermathenaKK254	Heliconius hermathena	hermathenaKK254	verreata	missing	Brazil: Campo Tigre	1.651585 S 55.912313 W	thorax or abdomen	female	wild-caught butterfly specimen	Specimen included in the Heliconius population-structure study; source metadata table: metadata/erato_metadata.tsv.
hermathenaKK264	Whole-genome sequencing of Heliconius hermathena specimen hermathenaKK264	Heliconius hermathena	hermathenaKK264	hermathena	missing	Brazil: Campo Tigre	1.651585 S 55.912313 W	thorax or abdomen	male	wild-caught butterfly specimen	Specimen included in the Heliconius population-structure study; source metadata table: metadata/erato_metadata.tsv.
hermathenaKK265	Whole-genome sequencing of Heliconius hermathena specimen hermathenaKK265	Heliconius hermathena	hermathenaKK265	verreata	missing	Brazil: Campo Tigre	1.651585 S 55.912313 W	thorax or abdomen	male	wild-caught butterfly specimen	Specimen included in the Heliconius population-structure study; source metadata table: metadata/erato_metadata.tsv.
hermathenaKK266	Whole-genome sequencing of Heliconius hermathena specimen hermathenaKK266	Heliconius hermathena	hermathenaKK266	verreata	missing	Brazil: Campo Tigre	1.651585 S 55.912313 W	thorax or abdomen	male	wild-caught butterfly specimen	Specimen included in the Heliconius population-structure study; source metadata table: metadata/erato_metadata.tsv.
hermathenaKK274	Whole-genome sequencing of Heliconius hermathena specimen hermathenaKK274	Heliconius hermathena	hermathenaKK274	verreata	missing	Brazil: Campo Tigre	1.651585 S 55.912313 W	thorax or abdomen	male	wild-caught butterfly specimen	Specimen included in the Heliconius population-structure study; source metadata table: metadata/erato_metadata.tsv.
hermathenaKK269	Whole-genome sequencing of Heliconius hermathena specimen hermathenaKK269	Heliconius hermathena	hermathenaKK269	hermathena	missing	Brazil: Campo Tigre	1.651585 S 55.912313 W	thorax or abdomen	male	wild-caught butterfly specimen	Specimen included in the Heliconius population-structure study; source metadata table: metadata/erato_metadata.tsv.
hermathenaKK257	Whole-genome sequencing of Heliconius hermathena specimen hermathenaKK257	Heliconius hermathena	hermathenaKK257	hermathena	missing	Brazil: Campo Tigre	1.651585 S 55.912313 W	thorax or abdomen	male	wild-caught butterfly specimen	Specimen included in the Heliconius population-structure study; source metadata table: metadata/erato_metadata.tsv.
hermathenaKK256	Whole-genome sequencing of Heliconius hermathena specimen hermathenaKK256	Heliconius hermathena	hermathenaKK256	verreata	missing	Brazil: Campo Tigre	1.651585 S 55.912313 W	thorax or abdomen	male	wild-caught butterfly specimen	Specimen included in the Heliconius population-structure study; source metadata table: metadata/erato_metadata.tsv.
hermathenaKK268	Whole-genome sequencing of Heliconius hermathena specimen hermathenaKK268	Heliconius hermathena	hermathenaKK268	hermathena	missing	Brazil: Campo Tigre	1.651585 S 55.912313 W	thorax or abdomen	female	wild-caught butterfly specimen	Specimen included in the Heliconius population-structure study; source metadata table: metadata/erato_metadata.tsv.
hermathenaKK273	Whole-genome sequencing of Heliconius hermathena specimen hermathenaKK273	Heliconius hermathena	hermathenaKK273	verreata	missing	Brazil: Campo Tigre	1.651585 S 55.912313 W	thorax or abdomen	female	wild-caught butterfly specimen	Specimen included in the Heliconius population-structure study; source metadata table: metadata/erato_metadata.tsv.
hermathenaKK270	Whole-genome sequencing of Heliconius hermathena specimen hermathenaKK270	Heliconius hermathena	hermathenaKK270	verreata	missing	Brazil: Campo Tigre	1.651585 S 55.912313 W	thorax or abdomen	female	wild-caught butterfly specimen	Specimen included in the Heliconius population-structure study; source metadata table: metadata/erato_metadata.tsv.
hermathenaKK259	Whole-genome sequencing of Heliconius hermathena specimen hermathenaKK259	Heliconius hermathena	hermathenaKK259	hermathena	missing	Brazil: Campo Tigre	1.651585 S 55.912313 W	thorax or abdomen	male	wild-caught butterfly specimen	Specimen included in the Heliconius population-structure study; source metadata table: metadata/erato_metadata.tsv.
amazonaSR71	Whole-genome sequencing of Heliconius erato specimen amazonaSR71	Heliconius erato	amazonaSR71	amazona	missing	Brazil: Newton's	6.5583 S 55.51345 W	thorax or abdomen	female	wild-caught butterfly specimen	Specimen included in the Heliconius population-structure study; source metadata table: metadata/erato_metadata.tsv.
amazonaSR80	Whole-genome sequencing of Heliconius erato specimen amazonaSR80	Heliconius erato	amazonaSR80	amazona	missing	Brazil: Newton's	6.5583 S 55.51345 W	thorax or abdomen	male	wild-caught butterfly specimen	Specimen included in the Heliconius population-structure study; source metadata table: metadata/erato_metadata.tsv.
amazonaSR79	Whole-genome sequencing of Heliconius erato specimen amazonaSR79	Heliconius erato	amazonaSR79	amazona	missing	Brazil: Newton's	6.5583 S 55.51345 W	thorax or abdomen	male	wild-caught butterfly specimen	Specimen included in the Heliconius population-structure study; source metadata table: metadata/erato_metadata.tsv.
amazonaSR73	Whole-genome sequencing of Heliconius erato specimen amazonaSR73	Heliconius erato	amazonaSR73	amazona	missing	Brazil: Newton's	6.5583 S 55.51345 W	thorax or abdomen	female	wild-caught butterfly specimen	Specimen included in the Heliconius population-structure study; source metadata table: metadata/erato_metadata.tsv.
amazonaSR72	Whole-genome sequencing of Heliconius erato specimen amazonaSR72	Heliconius erato	amazonaSR72	amazona	missing	Brazil: Newton's	6.5583 S 55.51345 W	thorax or abdomen	female	wild-caught butterfly specimen	Specimen included in the Heliconius population-structure study; source metadata table: metadata/erato_metadata.tsv.
phyllisSR232	Whole-genome sequencing of Heliconius erato specimen phyllisSR232	Heliconius erato	phyllisSR232	phyllis	missing	Brazil: Colider	10.89114 S 55.44049 W	thorax or abdomen	male	wild-caught butterfly specimen	Specimen included in the Heliconius population-structure study; source metadata table: metadata/erato_metadata.tsv.
phyllisSR233	Whole-genome sequencing of Heliconius erato specimen phyllisSR233	Heliconius erato	phyllisSR233	phyllis	missing	Brazil: Colider	10.89114 S 55.44049 W	thorax or abdomen	male	wild-caught butterfly specimen	Specimen included in the Heliconius population-structure study; source metadata table: metadata/erato_metadata.tsv.
phyllisSR258	Whole-genome sequencing of Heliconius erato specimen phyllisSR258	Heliconius erato	phyllisSR258	phyllis	missing	Brazil: Itauba	11.10277 S 55.37055 W	thorax or abdomen	male	wild-caught butterfly specimen	Specimen included in the Heliconius population-structure study; source metadata table: metadata/erato_metadata.tsv.
hermathenaKK279	Whole-genome sequencing of Heliconius hermathena specimen hermathenaKK279	Heliconius hermathena	hermathenaKK279	hermathena	missing	Brazil: Santarem	2.429548 S 54.875471 W	thorax or abdomen	female	wild-caught butterfly specimen	Specimen included in the Heliconius population-structure study; source metadata table: metadata/erato_metadata.tsv.
hermathenaSR312	Whole-genome sequencing of Heliconius hermathena specimen hermathenaSR312	Heliconius hermathena	hermathenaSR312	hermathena	missing	Brazil: Santarem	2.429548 S 54.875471 W	thorax or abdomen	female	wild-caught butterfly specimen	Specimen included in the Heliconius population-structure study; source metadata table: metadata/erato_metadata.tsv.
hermathenaKK284	Whole-genome sequencing of Heliconius hermathena specimen hermathenaKK284	Heliconius hermathena	hermathenaKK284	verreata	missing	Brazil: Santarem	2.429548 S 54.875471 W	thorax or abdomen	male	wild-caught butterfly specimen	Specimen included in the Heliconius population-structure study; source metadata table: metadata/erato_metadata.tsv.
amazonaSR126	Whole-genome sequencing of Heliconius erato specimen amazonaSR126	Heliconius erato	amazonaSR126	amazona	missing	Brazil: Ruropolis	4.06642 S 54.84653 W	thorax or abdomen	female	wild-caught butterfly specimen	Specimen included in the Heliconius population-structure study; source metadata table: metadata/erato_metadata.tsv.
amazonaSR125	Whole-genome sequencing of Heliconius erato specimen amazonaSR125	Heliconius erato	amazonaSR125	amazona	missing	Brazil: Ruropolis	4.06642 S 54.84653 W	thorax or abdomen	male	wild-caught butterfly specimen	Specimen included in the Heliconius population-structure study; source metadata table: metadata/erato_metadata.tsv.
amazonaSR127	Whole-genome sequencing of Heliconius erato specimen amazonaSR127	Heliconius erato	amazonaSR127	amazona	missing	Brazil: Ruropolis	4.06642 S 54.84653 W	thorax or abdomen	male	wild-caught butterfly specimen	Specimen included in the Heliconius population-structure study; source metadata table: metadata/erato_metadata.tsv.
amazonaSR1	Whole-genome sequencing of Heliconius erato specimen amazonaSR1	Heliconius erato	amazonaSR1	amazona	missing	Brazil: Ruropolis	4.06642 S 54.84653 W	thorax or abdomen	female	wild-caught butterfly specimen	Specimen included in the Heliconius population-structure study; source metadata table: metadata/erato_metadata.tsv.
hydaraxamalfredaSR165	Whole-genome sequencing of Heliconius erato specimen hydaraxamalfredaSR165	Heliconius erato	hydaraxamalfredaSR165	hydaraXamalfreda	missing	Brazil: Alenquer	1.208239 S 54.800222 W	thorax or abdomen	female	wild-caught butterfly specimen	Specimen included in the Heliconius population-structure study; source metadata table: metadata/erato_metadata.tsv.
amalfredaSR214	Whole-genome sequencing of Heliconius erato specimen amalfredaSR214	Heliconius erato	amalfredaSR214	amalfreda	missing	Brazil: Alenquer	1.208239 S 54.800222 W	thorax or abdomen	male	wild-caught butterfly specimen	Specimen included in the Heliconius population-structure study; source metadata table: metadata/erato_metadata.tsv.
hydaraxamalfredaSR200	Whole-genome sequencing of Heliconius erato specimen hydaraxamalfredaSR200	Heliconius erato	hydaraxamalfredaSR200	hydaraXamalfreda	missing	Brazil: Alenquer	1.208239 S 54.800222 W	thorax or abdomen	female	wild-caught butterfly specimen	Specimen included in the Heliconius population-structure study; source metadata table: metadata/erato_metadata.tsv.
hydaraxamalfredaSR166	Whole-genome sequencing of Heliconius erato specimen hydaraxamalfredaSR166	Heliconius erato	hydaraxamalfredaSR166	hydaraXamalfreda	missing	Brazil: Alenquer	1.208239 S 54.800222 W	thorax or abdomen	female	wild-caught butterfly specimen	Specimen included in the Heliconius population-structure study; source metadata table: metadata/erato_metadata.tsv.
estrella16HE037	Whole-genome sequencing of Heliconius erato specimen estrella16HE037	Heliconius erato	estrella16HE037	estrella	missing	Brazil: Ilha de Marajo	1.66911 S 50.48502 W	thorax or abdomen	male	wild-caught butterfly specimen	Specimen included in the Heliconius population-structure study; source metadata table: metadata/erato_metadata.tsv.
estrella16HE043	Whole-genome sequencing of Heliconius erato specimen estrella16HE043	Heliconius erato	estrella16HE043	estrella	missing	Brazil: Ilha de Marajo	1.66911 S 50.48502 W	thorax or abdomen	female	wild-caught butterfly specimen	Specimen included in the Heliconius population-structure study; source metadata table: metadata/erato_metadata.tsv.
amazonaKK189	Whole-genome sequencing of Heliconius erato specimen amazonaKK189	Heliconius erato	amazonaKK189	amazona	missing	Brazil: Belem	1.468203 S 48.440141 W	thorax or abdomen	female	wild-caught butterfly specimen	Specimen included in the Heliconius population-structure study; source metadata table: metadata/erato_metadata.tsv.
amazonaKK190	Whole-genome sequencing of Heliconius erato specimen amazonaKK190	Heliconius erato	amazonaKK190	amazona	missing	Brazil: Belem	1.468203 S 48.440141 W	thorax or abdomen	male	wild-caught butterfly specimen	Specimen included in the Heliconius population-structure study; source metadata table: metadata/erato_metadata.tsv.
amazonaKK168	Whole-genome sequencing of Heliconius erato specimen amazonaKK168	Heliconius erato	amazonaKK168	amazona	missing	Brazil: Aurora do Para	2.177 S 47.55217 W	thorax or abdomen	male	wild-caught butterfly specimen	Specimen included in the Heliconius population-structure study; source metadata table: metadata/erato_metadata.tsv.
amazonaKK166	Whole-genome sequencing of Heliconius erato specimen amazonaKK166	Heliconius erato	amazonaKK166	amazona	missing	Brazil: Aurora do Para	2.177 S 47.55217 W	thorax or abdomen	male	wild-caught butterfly specimen	Specimen included in the Heliconius population-structure study; source metadata table: metadata/erato_metadata.tsv.
amazonaKK165	Whole-genome sequencing of Heliconius erato specimen amazonaKK165	Heliconius erato	amazonaKK165	amazona	missing	Brazil: Aurora do Para	2.177 S 47.55217 W	thorax or abdomen	male	wild-caught butterfly specimen	Specimen included in the Heliconius population-structure study; source metadata table: metadata/erato_metadata.tsv.
amazonaKK216	Whole-genome sequencing of Heliconius erato specimen amazonaKK216	Heliconius erato	amazonaKK216	amazona	missing	Brazil: Braganca	1.070209 S 46.744825 W	thorax or abdomen	male	wild-caught butterfly specimen	Specimen included in the Heliconius population-structure study; source metadata table: metadata/erato_metadata.tsv.
amazonaKK225	Whole-genome sequencing of Heliconius erato specimen amazonaKK225	Heliconius erato	amazonaKK225	amazona	missing	Brazil: Braganca	1.070209 S 46.744825 W	thorax or abdomen	male	wild-caught butterfly specimen	Specimen included in the Heliconius population-structure study; source metadata table: metadata/erato_metadata.tsv.
amazonaKK217	Whole-genome sequencing of Heliconius erato specimen amazonaKK217	Heliconius erato	amazonaKK217	amazona	missing	Brazil: Braganca	1.070209 S 46.744825 W	thorax or abdomen	female	wild-caught butterfly specimen	Specimen included in the Heliconius population-structure study; source metadata table: metadata/erato_metadata.tsv.
amazonaKK214	Whole-genome sequencing of Heliconius erato specimen amazonaKK214	Heliconius erato	amazonaKK214	amazona	missing	Brazil: Braganca	1.070209 S 46.744825 W	thorax or abdomen	male	wild-caught butterfly specimen	Specimen included in the Heliconius population-structure study; source metadata table: metadata/erato_metadata.tsv.
amazonaKK181	Whole-genome sequencing of Heliconius erato specimen amazonaKK181	Heliconius erato	amazonaKK181	amazona	missing	Brazil: Braganca	1.070209 S 46.744825 W	thorax or abdomen	male	wild-caught butterfly specimen	Specimen included in the Heliconius population-structure study; source metadata table: metadata/erato_metadata.tsv.
phyllisKK105	Whole-genome sequencing of Heliconius erato specimen phyllisKK105	Heliconius erato	phyllisKK105	phyllis	missing	Brazil: Sao Paulo	23.39 S 46.61 W	thorax or abdomen	female	wild-caught butterfly specimen	Specimen included in the Heliconius population-structure study; source metadata table: metadata/erato_metadata.tsv.
phyllisKK104	Whole-genome sequencing of Heliconius erato specimen phyllisKK104	Heliconius erato	phyllisKK104	phyllis	missing	Brazil: Sao Paulo	23.408 S 46.577 W	thorax or abdomen	female	wild-caught butterfly specimen	Specimen included in the Heliconius population-structure study; source metadata table: metadata/erato_metadata.tsv.
phyllisKK101	Whole-genome sequencing of Heliconius erato specimen phyllisKK101	Heliconius erato	phyllisKK101	phyllis	missing	Brazil: Sao Paulo	23.833496 S 46.326633 W	thorax or abdomen	male	wild-caught butterfly specimen	Specimen included in the Heliconius population-structure study; source metadata table: metadata/erato_metadata.tsv.
phyllisKK103	Whole-genome sequencing of Heliconius erato specimen phyllisKK103	Heliconius erato	phyllisKK103	phyllis	missing	Brazil: Sao Paulo	23.833496 S 46.326633 W	thorax or abdomen	male	wild-caught butterfly specimen	Specimen included in the Heliconius population-structure study; source metadata table: metadata/erato_metadata.tsv.
phyllisKK102	Whole-genome sequencing of Heliconius erato specimen phyllisKK102	Heliconius erato	phyllisKK102	phyllis	missing	Brazil: Sao Paulo	23.833496 S 46.326633 W	thorax or abdomen	female	wild-caught butterfly specimen	Specimen included in the Heliconius population-structure study; source metadata table: metadata/erato_metadata.tsv.
phyllis16HE051	Whole-genome sequencing of Heliconius erato specimen phyllis16HE051	Heliconius erato	phyllis16HE051	phyllis	missing	Brazil: Serra das Lontras	15.183614 S 39.345946 W	thorax or abdomen	male	wild-caught butterfly specimen	Specimen included in the Heliconius population-structure study; source metadata table: metadata/erato_metadata.tsv.
phyllis16HE094	Whole-genome sequencing of Heliconius erato specimen phyllis16HE094	Heliconius erato	phyllis16HE094	phyllis	missing	Brazil: Serra das Lontras	15.183614 S 39.345946 W	thorax or abdomen	male	wild-caught butterfly specimen	Specimen included in the Heliconius population-structure study; source metadata table: metadata/erato_metadata.tsv.
phyllis16HE088	Whole-genome sequencing of Heliconius erato specimen phyllis16HE088	Heliconius erato	phyllis16HE088	phyllis	missing	Brazil: Serra das Lontras	15.183614 S 39.345946 W	thorax or abdomen	male	wild-caught butterfly specimen	Specimen included in the Heliconius population-structure study; source metadata table: metadata/erato_metadata.tsv.
phyllis16HE087	Whole-genome sequencing of Heliconius erato specimen phyllis16HE087	Heliconius erato	phyllis16HE087	phyllis	missing	Brazil: Serra das Lontras	15.183614 S 39.345946 W	thorax or abdomen	male	wild-caught butterfly specimen	Specimen included in the Heliconius population-structure study; source metadata table: metadata/erato_metadata.tsv.
phyllis16HE052	Whole-genome sequencing of Heliconius erato specimen phyllis16HE052	Heliconius erato	phyllis16HE052	phyllis	missing	Brazil: Serra das Lontras	15.183614 S 39.345946 W	thorax or abdomen	male	wild-caught butterfly specimen	Specimen included in the Heliconius population-structure study; source metadata table: metadata/erato_metadata.tsv.
hydaraSTRI353	Whole-genome sequencing of Heliconius erato specimen hydaraSTRI353	Heliconius erato	hydaraSTRI353	hydara	missing	missing	missing	thorax or abdomen	male	wild-caught butterfly specimen	Specimen included in the Heliconius population-structure study; source metadata table: metadata/erato_metadata.tsv.
estrella16HE038	Whole-genome sequencing of Heliconius erato specimen estrella16HE038	Heliconius erato	estrella16HE038	estrella	missing	missing	missing	thorax or abdomen	female	wild-caught butterfly specimen	Specimen included in the Heliconius population-structure study; source metadata table: metadata/erato_metadata.tsv.
luscombeiKK600	Whole-genome sequencing of Heliconius erato specimen luscombeiKK600	Heliconius erato	luscombeiKK600	luscombei	missing	missing	missing	thorax or abdomen	male	wild-caught butterfly specimen	Specimen included in the Heliconius population-structure study; source metadata table: metadata/erato_metadata.tsv.
hydaraXamalfredaSR205	Whole-genome sequencing of Heliconius erato specimen hydaraXamalfredaSR205	Heliconius erato	hydaraXamalfredaSR205	hydaraXamalfreda	missing	missing	missing	thorax or abdomen	male	wild-caught butterfly specimen	Specimen included in the Heliconius population-structure study; source metadata table: metadata/erato_metadata.tsv.
amalfredaPF265	Whole-genome sequencing of Heliconius erato specimen amalfredaPF265	Heliconius erato	amalfredaPF265	amalfreda	missing	missing	missing	thorax or abdomen	male	wild-caught butterfly specimen	Specimen included in the Heliconius population-structure study; source metadata table: metadata/erato_metadata.tsv.
luscombeiSTRI2281	Whole-genome sequencing of Heliconius erato specimen luscombeiSTRI2281	Heliconius erato	luscombeiSTRI2281	luscombei	missing	missing	missing	thorax or abdomen	male	wild-caught butterfly specimen	Specimen included in the Heliconius population-structure study; source metadata table: metadata/erato_metadata.tsv.
hydaraSR205	Whole-genome sequencing of Heliconius erato specimen hydaraSR205	Heliconius erato	hydaraSR205	hydaraXamalfreda	missing	missing	missing	thorax or abdomen	male	wild-caught butterfly specimen	Specimen included in the Heliconius population-structure study; source metadata table: metadata/erato_metadata.tsv.
burchelliSR280	Whole-genome sequencing of Heliconius melpomene specimen burchelliSR280	Heliconius melpomene	burchelliSR280	burchelli	missing	Brazil: Rio Arinos	13.81389 S 56.40379 W	thorax or abdomen	male	wild-caught butterfly specimen	Specimen included in the Heliconius population-structure study; source metadata table: metadata/melp_metadata.tsv.
burchelliSR282	Whole-genome sequencing of Heliconius melpomene specimen burchelliSR282	Heliconius melpomene	burchelliSR282	burchelli	missing	Brazil: Rio Arinos	13.81389 S 56.40379 W	thorax or abdomen	male	wild-caught butterfly specimen	Specimen included in the Heliconius population-structure study; source metadata table: metadata/melp_metadata.tsv.
burchelliSR393	Whole-genome sequencing of Heliconius melpomene specimen burchelliSR393	Heliconius melpomene	burchelliSR393	burchelli	missing	Brazil: Santarem	4.06642 S 54.84653 W	thorax or abdomen	male	wild-caught butterfly specimen	Specimen included in the Heliconius population-structure study; source metadata table: metadata/melp_metadata.tsv.
penelopeSR357	Whole-genome sequencing of Heliconius melpomene specimen penelopeSR357	Heliconius melpomene	penelopeSR357	penelope	missing	Brazil: Mato Grosso	13.690811 S 57.706051 W	thorax or abdomen	male	wild-caught butterfly specimen	Specimen included in the Heliconius population-structure study; source metadata table: metadata/melp_metadata.tsv.
penelopeSR361	Whole-genome sequencing of Heliconius melpomene specimen penelopeSR361	Heliconius melpomene	penelopeSR361	penelope	missing	Brazil: Mato Grosso	13.690811 S 57.706051 W	thorax or abdomen	male	wild-caught butterfly specimen	Specimen included in the Heliconius population-structure study; source metadata table: metadata/melp_metadata.tsv.
penelopeSR370	Whole-genome sequencing of Heliconius melpomene specimen penelopeSR370	Heliconius melpomene	penelopeSR370	penelope	missing	Brazil: Mato Grosso	13.690811 S 57.706051 W	thorax or abdomen	female	wild-caught butterfly specimen	Specimen included in the Heliconius population-structure study; source metadata table: metadata/melp_metadata.tsv.
penelopeSR381	Whole-genome sequencing of Heliconius melpomene specimen penelopeSR381	Heliconius melpomene	penelopeSR381	penelope	missing	Brazil: Mato Grosso	13.68988 S 57.70601 W	thorax or abdomen	male	wild-caught butterfly specimen	Specimen included in the Heliconius population-structure study; source metadata table: metadata/melp_metadata.tsv.
melpomeneKK645	Whole-genome sequencing of Heliconius melpomene specimen melpomeneKK645	Heliconius melpomene	melpomeneKK645	melpomene	missing	missing	missing	thorax or abdomen	male	wild-caught butterfly specimen	Specimen included in the Heliconius population-structure study; source metadata table: metadata/melp_metadata.tsv.
merianaxmelpomeneKK644	Whole-genome sequencing of Heliconius melpomene specimen merianaxmelpomeneKK644	Heliconius melpomene	merianaxmelpomeneKK644	merianaXmelpomene	missing	Suriname: Afobaka	4.997846 N 55.03165 W	thorax or abdomen	male	wild-caught butterfly specimen	Specimen included in the Heliconius population-structure study; source metadata table: metadata/melp_metadata.tsv.
martinaeM1239	Whole-genome sequencing of Heliconius melpomene specimen martinaeM1239	Heliconius melpomene	martinaeM1239	martinae	missing	Colombia: Magdalena Valley	5.533333333 N 74.1 W	thorax or abdomen	male	wild-caught butterfly specimen	Specimen included in the Heliconius population-structure study; source metadata table: metadata/melp_metadata.tsv.
martinaeM1240	Whole-genome sequencing of Heliconius melpomene specimen martinaeM1240	Heliconius melpomene	martinaeM1240	martinae	missing	Colombia: Magdalena Valley	5.533333333 N 74.1 W	thorax or abdomen	male	wild-caught butterfly specimen	Specimen included in the Heliconius population-structure study; source metadata table: metadata/melp_metadata.tsv.
martinaeM2943	Whole-genome sequencing of Heliconius melpomene specimen martinaeM2943	Heliconius melpomene	martinaeM2943	martinae	missing	Colombia: Magdalena Valley	5.533333333 N 74.1 W	thorax or abdomen	male	wild-caught butterfly specimen	Specimen included in the Heliconius population-structure study; source metadata table: metadata/melp_metadata.tsv.
martinaeM2945	Whole-genome sequencing of Heliconius melpomene specimen martinaeM2945	Heliconius melpomene	martinaeM2945	martinae	missing	Colombia: Magdalena Valley	5.533333333 N 74.1 W	thorax or abdomen	male	wild-caught butterfly specimen	Specimen included in the Heliconius population-structure study; source metadata table: metadata/melp_metadata.tsv.
martinaeM3085	Whole-genome sequencing of Heliconius melpomene specimen martinaeM3085	Heliconius melpomene	martinaeM3085	martinae	missing	Colombia: Magdalena Valley	5.533333333 N 74.1 W	thorax or abdomen	female	wild-caught butterfly specimen	Specimen included in the Heliconius population-structure study; source metadata table: metadata/melp_metadata.tsv.
melpomeneBN003	Whole-genome sequencing of Heliconius melpomene specimen melpomeneBN003	Heliconius melpomene	melpomeneBN003	melpomene	missing	Venezuela: Monagas	10.159972 N 71.067825 W	thorax or abdomen	male	wild-caught butterfly specimen	Specimen included in the Heliconius population-structure study; source metadata table: metadata/melp_metadata.tsv.
melpomeneBN004	Whole-genome sequencing of Heliconius melpomene specimen melpomeneBN004	Heliconius melpomene	melpomeneBN004	melpomene	missing	Venezuela: Monagas	10.159972 N 71.067825 W	thorax or abdomen	male	wild-caught butterfly specimen	Specimen included in the Heliconius population-structure study; source metadata table: metadata/melp_metadata.tsv.
melpomeneSTRI350	Whole-genome sequencing of Heliconius melpomene specimen melpomeneSTRI350	Heliconius melpomene	melpomeneSTRI350	melpomene	missing	Venezuela: Monagas	10.159972 N 71.067825 W	thorax or abdomen	male	wild-caught butterfly specimen	Specimen included in the Heliconius population-structure study; source metadata table: metadata/melp_metadata.tsv.
melpomeneSTRI351	Whole-genome sequencing of Heliconius melpomene specimen melpomeneSTRI351	Heliconius melpomene	melpomeneSTRI351	melpomene	missing	Venezuela: Monagas	10.159972 N 71.067825 W	thorax or abdomen	male	wild-caught butterfly specimen	Specimen included in the Heliconius population-structure study; source metadata table: metadata/melp_metadata.tsv.
melpomeneSTRI352	Whole-genome sequencing of Heliconius melpomene specimen melpomeneSTRI352	Heliconius melpomene	melpomeneSTRI352	melpomene	missing	Venezuela: Monagas	10.159972 N 71.067825 W	thorax or abdomen	male	wild-caught butterfly specimen	Specimen included in the Heliconius population-structure study; source metadata table: metadata/melp_metadata.tsv.
plesseniSTRI459	Whole-genome sequencing of Heliconius melpomene specimen plesseniSTRI459	Heliconius melpomene	plesseniSTRI459	plesseni	missing	Ecuador: Ambato	1.3994 S 78.1814 W	thorax or abdomen	male	wild-caught butterfly specimen	Specimen included in the Heliconius population-structure study; source metadata table: metadata/melp_metadata.tsv.
plesseniSTRI460	Whole-genome sequencing of Heliconius melpomene specimen plesseniSTRI460	Heliconius melpomene	plesseniSTRI460	plesseni	missing	Ecuador: Ambato	1.3994 S 78.1814 W	thorax or abdomen	male	wild-caught butterfly specimen	Specimen included in the Heliconius population-structure study; source metadata table: metadata/melp_metadata.tsv.
burchelliKK117	Whole-genome sequencing of Heliconius melpomene specimen burchelliKK117	Heliconius melpomene	burchelliKK117	burchelli	missing	Brazil: Sao Luis	3.51379 S 46.11456 W	thorax or abdomen	male	wild-caught butterfly specimen	Specimen included in the Heliconius population-structure study; source metadata table: metadata/melp_metadata.tsv.
schunkeiKK566	Whole-genome sequencing of Heliconius melpomene specimen schunkeiKK566	Heliconius melpomene	schunkeiKK566	schunkei	missing	missing	missing	thorax or abdomen	male	wild-caught butterfly specimen	Specimen included in the Heliconius population-structure study; source metadata table: metadata/melp_metadata.tsv.
burchelliKK119	Whole-genome sequencing of Heliconius melpomene specimen burchelliKK119	Heliconius melpomene	burchelliKK119	burchelli	missing	Brazil: Sao Luis	3.50173 S 46.1836 W	thorax or abdomen	male	wild-caught butterfly specimen	Specimen included in the Heliconius population-structure study; source metadata table: metadata/melp_metadata.tsv.
burchelliMRC01	Whole-genome sequencing of Heliconius melpomene specimen burchelliMRC01	Heliconius melpomene	burchelliMRC01	burchelli	missing	Brazil: Sao Luis	2.6275 S 44.295556 W	thorax or abdomen	male	wild-caught butterfly specimen	Specimen included in the Heliconius population-structure study; source metadata table: metadata/melp_metadata.tsv.
burchelliMRC02	Whole-genome sequencing of Heliconius melpomene specimen burchelliMRC02	Heliconius melpomene	burchelliMRC02	burchelli	missing	Brazil: Sao Luis	2.6275 S 44.295556 W	thorax or abdomen	male	wild-caught butterfly specimen	Specimen included in the Heliconius population-structure study; source metadata table: metadata/melp_metadata.tsv.
burchelliMRC03	Whole-genome sequencing of Heliconius melpomene specimen burchelliMRC03	Heliconius melpomene	burchelliMRC03	burchelli	missing	Brazil: Sao Luis	2.6275 S 44.295556 W	thorax or abdomen	male	wild-caught butterfly specimen	Specimen included in the Heliconius population-structure study; source metadata table: metadata/melp_metadata.tsv.
intersectus16HE040	Whole-genome sequencing of Heliconius melpomene specimen intersectus16HE040	Heliconius melpomene	intersectus16HE040	intersectus	missing	Brazil: Ilha de Marajo	1.66911 S 50.48502 W	thorax or abdomen	male	wild-caught butterfly specimen	Specimen included in the Heliconius population-structure study; source metadata table: metadata/melp_metadata.tsv.
intersectus16HE041	Whole-genome sequencing of Heliconius melpomene specimen intersectus16HE041	Heliconius melpomene	intersectus16HE041	intersectus	missing	Brazil: Ilha de Marajo	1.66911 S 50.48502 W	thorax or abdomen	female	wild-caught butterfly specimen	Specimen included in the Heliconius population-structure study; source metadata table: metadata/melp_metadata.tsv.
intersectus16HE044	Whole-genome sequencing of Heliconius melpomene specimen intersectus16HE044	Heliconius melpomene	intersectus16HE044	intersectus	missing	Brazil: Ilha de Marajo	1.66911 S 50.48502 W	thorax or abdomen	male	wild-caught butterfly specimen	Specimen included in the Heliconius population-structure study; source metadata table: metadata/melp_metadata.tsv.
intersectusKK180	Whole-genome sequencing of Heliconius melpomene specimen intersectusKK180	Heliconius melpomene	intersectusKK180	intersectus	missing	Brazil: Braganca	1.070209 S 46.744825 W	thorax or abdomen	male	wild-caught butterfly specimen	Specimen included in the Heliconius population-structure study; source metadata table: metadata/melp_metadata.tsv.
intersectusKK215	Whole-genome sequencing of Heliconius melpomene specimen intersectusKK215	Heliconius melpomene	intersectusKK215	intersectus	missing	Brazil: Braganca	1.070209 S 46.744825 W	thorax or abdomen	male	wild-caught butterfly specimen	Specimen included in the Heliconius population-structure study; source metadata table: metadata/melp_metadata.tsv.
intersectusKK292	Whole-genome sequencing of Heliconius melpomene specimen intersectusKK292	Heliconius melpomene	intersectusKK292	intersectus	missing	Brazil: Braganca	1.070209 S 46.744825 W	thorax or abdomen	male	wild-caught butterfly specimen	Specimen included in the Heliconius population-structure study; source metadata table: metadata/melp_metadata.tsv.
melpomeneKK125	Whole-genome sequencing of Heliconius melpomene specimen melpomeneKK125	Heliconius melpomene	melpomeneKK125	melpomene	missing	Brazil: Sao Luis	3.292736 S 45.174509 W	thorax or abdomen	female	wild-caught butterfly specimen	Specimen included in the Heliconius population-structure study; source metadata table: metadata/melp_metadata.tsv.
melpomeneKK126	Whole-genome sequencing of Heliconius melpomene specimen melpomeneKK126	Heliconius melpomene	melpomeneKK126	melpomene	missing	Brazil: Sao Luis	3.292736 S 45.174509 W	thorax or abdomen	female	wild-caught butterfly specimen	Specimen included in the Heliconius population-structure study; source metadata table: metadata/melp_metadata.tsv.
thelxiopeKK156	Whole-genome sequencing of Heliconius melpomene specimen thelxiopeKK156	Heliconius melpomene	thelxiopeKK156	thelxiope	missing	Brazil: Belem	1.56083 S 46.8554 W	thorax or abdomen	female	wild-caught butterfly specimen	Specimen included in the Heliconius population-structure study; source metadata table: metadata/melp_metadata.tsv.
thelxiopeKK157	Whole-genome sequencing of Heliconius melpomene specimen thelxiopeKK157	Heliconius melpomene	thelxiopeKK157	thelxiope	missing	Brazil: Belem	1.56083 S 46.8554 W	thorax or abdomen	male	wild-caught butterfly specimen	Specimen included in the Heliconius population-structure study; source metadata table: metadata/melp_metadata.tsv.
thelxiopeKK158	Whole-genome sequencing of Heliconius melpomene specimen thelxiopeKK158	Heliconius melpomene	thelxiopeKK158	thelxiope	missing	Brazil: Belem	1.56083 S 46.8554 W	thorax or abdomen	female	wild-caught butterfly specimen	Specimen included in the Heliconius population-structure study; source metadata table: metadata/melp_metadata.tsv.
thelxiopeKK231	Whole-genome sequencing of Heliconius melpomene specimen thelxiopeKK231	Heliconius melpomene	thelxiopeKK231	thelxiope	missing	Brazil: Belem	1.468203 S 48.440141 W	thorax or abdomen	male	wild-caught butterfly specimen	Specimen included in the Heliconius population-structure study; source metadata table: metadata/melp_metadata.tsv.
thelxiopeKK290	Whole-genome sequencing of Heliconius melpomene specimen thelxiopeKK290	Heliconius melpomene	thelxiopeKK290	thelxiope	missing	Brazil: Braganca	1.070209 S 46.744825 W	thorax or abdomen	male	wild-caught butterfly specimen	Specimen included in the Heliconius population-structure study; source metadata table: metadata/melp_metadata.tsv.
thelxiopeKK294	Whole-genome sequencing of Heliconius melpomene specimen thelxiopeKK294	Heliconius melpomene	thelxiopeKK294	thelxiope	missing	Brazil: Braganca	1.070209 S 46.744825 W	thorax or abdomen	male	wild-caught butterfly specimen	Specimen included in the Heliconius population-structure study; source metadata table: metadata/melp_metadata.tsv.
malletiMAN314	Whole-genome sequencing of Heliconius melpomene specimen malletiMAN314	Heliconius melpomene	malletiMAN314	malleti	missing	Brazil: Manaus	3.720833 S 60.35 W	thorax or abdomen	male	wild-caught butterfly specimen	Specimen included in the Heliconius population-structure study; source metadata table: metadata/melp_metadata.tsv.
melpomeneSR169	Whole-genome sequencing of Heliconius melpomene specimen melpomeneSR169	Heliconius melpomene	melpomeneSR169	melpomene	missing	Brazil: Santarem	1.937142 S 54.626392 W	thorax or abdomen	male	wild-caught butterfly specimen	Specimen included in the Heliconius population-structure study; source metadata table: metadata/melp_metadata.tsv.
melpomeneSR170	Whole-genome sequencing of Heliconius melpomene specimen melpomeneSR170	Heliconius melpomene	melpomeneSR170	melpomene	missing	Brazil: Santarem	1.937142 S 54.626392 W	thorax or abdomen	male	wild-caught butterfly specimen	Specimen included in the Heliconius population-structure study; source metadata table: metadata/melp_metadata.tsv.
melpomeneSR173	Whole-genome sequencing of Heliconius melpomene specimen melpomeneSR173	Heliconius melpomene	melpomeneSR173	melpomene	missing	Brazil: Santarem	1.937142 S 54.626392 W	thorax or abdomen	female	wild-caught butterfly specimen	Specimen included in the Heliconius population-structure study; source metadata table: metadata/melp_metadata.tsv.
melpomeneSR180	Whole-genome sequencing of Heliconius melpomene specimen melpomeneSR180	Heliconius melpomene	melpomeneSR180	melpomene	missing	Brazil: Santarem	1.937142 S 54.626392 W	thorax or abdomen	female	wild-caught butterfly specimen	Specimen included in the Heliconius population-structure study; source metadata table: metadata/melp_metadata.tsv.
madeiraSR110	Whole-genome sequencing of Heliconius melpomene specimen madeiraSR110	Heliconius melpomene	madeiraSR110	madeira	missing	Brazil: Santarem	4.07373 S 54.84648 W	thorax or abdomen	male	wild-caught butterfly specimen	Specimen included in the Heliconius population-structure study; source metadata table: metadata/melp_metadata.tsv.
madeiraSR130	Whole-genome sequencing of Heliconius melpomene specimen madeiraSR130	Heliconius melpomene	madeiraSR130	madeira	missing	Brazil: Santarem	4.07373 S 54.84648 W	thorax or abdomen	female	wild-caught butterfly specimen	Specimen included in the Heliconius population-structure study; source metadata table: metadata/melp_metadata.tsv.
madeiraSR133	Whole-genome sequencing of Heliconius melpomene specimen madeiraSR133	Heliconius melpomene	madeiraSR133	madeira	missing	Brazil: Santarem	4.07373 S 54.84648 W	thorax or abdomen	female	wild-caught butterfly specimen	Specimen included in the Heliconius population-structure study; source metadata table: metadata/melp_metadata.tsv.
madeiraSR5	Whole-genome sequencing of Heliconius melpomene specimen madeiraSR5	Heliconius melpomene	madeiraSR5	madeira	missing	Brazil: Santarem	4.06642 S 54.84653 W	thorax or abdomen	male	wild-caught butterfly specimen	Specimen included in the Heliconius population-structure study; source metadata table: metadata/melp_metadata.tsv.
euryadesKK509	Whole-genome sequencing of Heliconius melpomene specimen euryadesKK509	Heliconius melpomene	euryadesKK509	euryades	missing	Peru: Kiteni	12.52851 S 73.0288 W	thorax or abdomen	male	wild-caught butterfly specimen	Specimen included in the Heliconius population-structure study; source metadata table: metadata/melp_metadata.tsv.
schunkeiKK542	Whole-genome sequencing of Heliconius melpomene specimen schunkeiKK542	Heliconius melpomene	schunkeiKK542	schunkei	missing	Peru: Quincemil	13.199994 S 70.765719 W	thorax or abdomen	male	wild-caught butterfly specimen	Specimen included in the Heliconius population-structure study; source metadata table: metadata/melp_metadata.tsv.
schunkeiKK543	Whole-genome sequencing of Heliconius melpomene specimen schunkeiKK543	Heliconius melpomene	schunkeiKK543	schunkei	missing	Peru: Quincemil	13.199994 S 70.765719 W	thorax or abdomen	male	wild-caught butterfly specimen	Specimen included in the Heliconius population-structure study; source metadata table: metadata/melp_metadata.tsv.
schunkeiKK564	Whole-genome sequencing of Heliconius melpomene specimen schunkeiKK564	Heliconius melpomene	schunkeiKK564	schunkei	missing	Peru: Quincemil	13.199994 S 70.765719 W	thorax or abdomen	male	wild-caught butterfly specimen	Specimen included in the Heliconius population-structure study; source metadata table: metadata/melp_metadata.tsv.
xenocleaKK300	Whole-genome sequencing of Heliconius melpomene specimen xenocleaKK300	Heliconius melpomene	xenocleaKK300	xenoclea	missing	Peru: Pampa Hermosa	10.98881 S 75.31081 W	thorax or abdomen	female	wild-caught butterfly specimen	Specimen included in the Heliconius population-structure study; source metadata table: metadata/melp_metadata.tsv.
xenocleaKK301	Whole-genome sequencing of Heliconius melpomene specimen xenocleaKK301	Heliconius melpomene	xenocleaKK301	xenoclea	missing	Peru: Pampa Hermosa	10.98881 S 75.31081 W	thorax or abdomen	male	wild-caught butterfly specimen	Specimen included in the Heliconius population-structure study; source metadata table: metadata/melp_metadata.tsv.
thelxiopeKK101	Whole-genome sequencing of Heliconius melpomene specimen thelxiopeKK101	Heliconius melpomene	thelxiopeKK101	thelxiope	missing	missing	missing	thorax or abdomen	male	wild-caught butterfly specimen	Specimen included in the Heliconius population-structure study; source metadata table: metadata/melp_metadata.tsv.
thelxiopeKK174	Whole-genome sequencing of Heliconius melpomene specimen thelxiopeKK174	Heliconius melpomene	thelxiopeKK174	thelxiope	missing	missing	missing	thorax or abdomen	male	wild-caught butterfly specimen	Specimen included in the Heliconius population-structure study; source metadata table: metadata/melp_metadata.tsv.
thelxiopeKK175	Whole-genome sequencing of Heliconius melpomene specimen thelxiopeKK175	Heliconius melpomene	thelxiopeKK175	thelxiope	missing	missing	missing	thorax or abdomen	male	wild-caught butterfly specimen	Specimen included in the Heliconius population-structure study; source metadata table: metadata/melp_metadata.tsv.
xenocleaKK310	Whole-genome sequencing of Heliconius melpomene specimen xenocleaKK310	Heliconius melpomene	xenocleaKK310	xenoclea	missing	Peru: Pampa Hermosa	11.03537 S 75.4071 W	thorax or abdomen	male	wild-caught butterfly specimen	Specimen included in the Heliconius population-structure study; source metadata table: metadata/melp_metadata.tsv.
xenocleaKK311	Whole-genome sequencing of Heliconius melpomene specimen xenocleaKK311	Heliconius melpomene	xenocleaKK311	xenoclea	missing	Peru: Pampa Hermosa	11.03537 S 75.4071 W	thorax or abdomen	male	wild-caught butterfly specimen	Specimen included in the Heliconius population-structure study; source metadata table: metadata/melp_metadata.tsv.
xenocleaKK312	Whole-genome sequencing of Heliconius melpomene specimen xenocleaKK312	Heliconius melpomene	xenocleaKK312	xenoclea	missing	Peru: Pampa Hermosa	10.98881 S 75.31081 W	thorax or abdomen	male	wild-caught butterfly specimen	Specimen included in the Heliconius population-structure study; source metadata table: metadata/melp_metadata.tsv.
xenocleaKK349	Whole-genome sequencing of Heliconius melpomene specimen xenocleaKK349	Heliconius melpomene	xenocleaKK349	xenoclea	missing	Peru: Pampa Hermosa	11.00343 S 75.41957 W	thorax or abdomen	female	wild-caught butterfly specimen	Specimen included in the Heliconius population-structure study; source metadata table: metadata/melp_metadata.tsv.
